label,centroid_y,centroid_x,area_um2,diameter_um,wfa_sum_intensity,wfa_mean_intensity,wfa_pericellular_intensity,wfa_intensity_norm,wfa_pericellular_norm,pv_intensity_norm,is_pnn_plus,is_pv_plus,pv_label,cell_type,pv_area_um2,pv_diameter_um,pnn_area_um2,pnn_diameter_um,score,is_in_roi,roi_region
1,337,1040,296.31705237,19.42376350908454,17910.0,48.016085790884716,42.33064516129032,1.4515562519943317,1.2796818320932197,1.3560866804253728,True,False,-1,PV-/PNN+,0.0,0.0,296.31705237,19.42376350908454,0.9931272268295288,False,NONE
2,442,1016,296.31705237,19.42376350908454,27654.0,74.13941018766756,52.58064516129032,2.2412806584394893,1.5895457316151254,1.3604615946076102,True,False,-1,PV-/PNN+,0.0,0.0,296.31705237,19.42376350908454,0.9403445720672607,False,NONE
3,574,702,296.31705237,19.42376350908454,31170.0,83.5656836461126,68.25,2.5262427903217937,2.063240111450737,1.518642085509128,True,False,-1,PV-/PNN+,0.0,0.0,296.31705237,19.42376350908454,0.8607398867607117,False,NONE
4,439,865,296.31705237,19.42376350908454,15214.0,40.788203753351205,30.838709677419356,1.2330528653177981,0.9322734474994233,1.5343644333515432,True,False,-1,PV-/PNN+,0.0,0.0,296.31705237,19.42376350908454,0.4194396734237671,False,NONE
5,563,1122,296.31705237,19.42376350908454,76317.0,204.60321715817693,164.08064516129033,6.185282997400972,4.960260345926587,1.531630111987645,True,False,-1,PV-/PNN+,0.0,0.0,296.31705237,19.42376350908454,1.4213590621948242,False,NONE
6,549,986,296.31705237,19.42376350908454,25060.0,67.18498659517427,63.16129032258065,2.0310440912885515,1.909405240799028,1.5753792538100182,True,False,-1,PV-/PNN+,0.0,0.0,296.31705237,19.42376350908454,0.3668195605278015,False,NONE
7,488,1697,296.31705237,19.42376350908454,75122.0,201.39946380697052,190.51612903225808,6.088431533351099,5.759421528171123,1.4865138094833226,True,False,-1,PV-/PNN+,0.0,0.0,296.31705237,19.42376350908454,3.20513653755188,False,NONE
8,532,1216,296.31705237,19.42376350908454,52092.0,139.656836461126,113.29032258064517,4.221913360071956,3.4248371837008103,1.9680278016658173,True,False,-1,PV-/PNN+,0.0,0.0,296.31705237,19.42376350908454,1.4802359342575073,False,NONE
9,362,1230,296.31705237,19.42376350908454,25925.0,69.50402144772119,49.37903225806452,2.1011499627556143,1.492758974644082,1.407765354203051,True,False,-1,PV-/PNN+,0.0,0.0,296.31705237,19.42376350908454,1.0111041069030762,False,NONE
10,460,1313,296.31705237,19.42376350908454,30108.0,80.71849865951742,66.55645161290323,2.4401706105552954,2.0120430863527043,1.2182768836848974,True,False,-1,PV-/PNN+,0.0,0.0,296.31705237,19.42376350908454,1.274310827255249,False,NONE
11,523,1539,296.31705237,19.42376350908454,83542.0,223.97319034852546,211.94354838709677,6.770849380464012,6.407185793340047,1.2565573827794738,True,False,-1,PV-/PNN+,0.0,0.0,296.31705237,19.42376350908454,1.3571194410324097,False,NONE
12,413,1533,296.31705237,19.42376350908454,32218.0,86.37533512064343,65.78225806451613,2.6111803085847782,1.9886387320221746,1.2417920474144228,True,False,-1,PV-/PNN+,0.0,0.0,296.31705237,19.42376350908454,0.46966230869293213,False,NONE
13,373,1301,296.31705237,19.42376350908454,17299.0,46.37801608579088,36.274193548387096,1.4020363820910076,1.0965915185283488,1.446456001502212,True,False,-1,PV-/PNN+,0.0,0.0,296.31705237,19.42376350908454,0.14614079892635345,False,NONE
14,562,1371,296.31705237,19.42376350908454,52830.0,141.6353887399464,123.28225806451613,4.28172623075715,3.726899631779206,1.503876750144077,True,False,-1,PV-/PNN+,0.0,0.0,296.31705237,19.42376350908454,1.3008819818496704,False,NONE
15,455,1709,296.31705237,19.42376350908454,37932.0,101.69436997319035,76.26612903225806,3.0742842965186483,2.3055726969147607,1.3916328581560509,True,False,-1,PV-/PNN+,0.0,0.0,296.31705237,19.42376350908454,0.23053427040576935,False,NONE
16,473,1530,296.31705237,19.42376350908454,35080.0,94.04825737265415,79.04838709677419,2.843137538802968,2.3896820952901012,1.4999119841664244,True,False,-1,PV-/PNN+,0.0,0.0,296.31705237,19.42376350908454,0.6399451494216919,False,NONE
17,394,1657,296.31705237,19.42376350908454,36607.0,98.14209115281501,65.41935483870968,2.9668966899361533,1.9776679409297389,1.583718933969908,True,False,-1,PV-/PNN+,0.0,0.0,296.31705237,19.42376350908454,1.0845783948898315,False,NONE
18,450,1642,296.31705237,19.42376350908454,29374.0,78.75067024128687,82.04838709677419,2.380681928871106,2.4803739683209027,1.5889141445613149,True,False,-1,PV-/PNN+,0.0,0.0,296.31705237,19.42376350908454,0.4673745036125183,False,NONE
19,397,1615,296.31705237,19.42376350908454,27031.0,72.46916890080429,58.58870967741935,2.1907882215331536,1.7711732730343384,1.4784475614598227,True,False,-1,PV-/PNN+,0.0,0.0,296.31705237,19.42376350908454,0.8108353614807129,False,NONE
20,567,1425,296.31705237,19.42376350908454,38448.0,103.07774798927613,83.95967741935483,3.116104677648133,2.5381534680743973,2.7449852172175255,True,True,17,PV+/PNN+,113.60144367,12.026714032504806,296.31705237,19.42376350908454,0.12284047901630402,False,NONE
21,469,2218,296.31705237,19.42376350908454,51883.0,139.0965147453083,98.96774193548387,4.204974484769509,2.991856628586015,1.4299133572506275,True,False,-1,PV-/PNN+,0.0,0.0,296.31705237,19.42376350908454,2.1812026500701904,False,NONE
22,343,1980,296.31705237,19.42376350908454,16856.0,45.19034852546917,38.233870967741936,1.3661324502298413,1.1558337904275016,1.9298840186394355,True,False,-1,PV-/PNN+,0.0,0.0,296.31705237,19.42376350908454,1.1521186828613281,False,NONE
23,358,1798,296.31705237,19.42376350908454,31074.0,83.3083109919571,66.55645161290323,2.5184622542977033,2.0120430863527043,1.326282577558881,True,False,-1,PV-/PNN+,0.0,0.0,296.31705237,19.42376350908454,1.1927043199539185,False,NONE
24,510,2072,296.31705237,19.42376350908454,56349.0,151.0697050938338,104.87096774193549,4.566931504390207,3.1703148303563022,1.318353045603576,True,False,-1,PV-/PNN+,0.0,0.0,296.31705237,19.42376350908454,1.4389477968215942,False,NONE
25,316,1909,296.31705237,19.42376350908454,17943.0,48.10455764075067,35.36290322580645,1.4542308112526128,1.0690426431184545,1.3333918131050166,True,False,-1,PV-/PNN+,0.0,0.0,296.31705237,19.42376350908454,0.9451998472213745,False,NONE
26,411,1887,296.31705237,19.42376350908454,33279.0,89.21983914209115,55.685483870967744,2.6971714411010255,1.683406944294853,1.2731000270310586,True,False,-1,PV-/PNN+,0.0,0.0,296.31705237,19.42376350908454,1.6802750825881958,False,NONE
27,512,2014,296.31705237,19.42376350908454,51188.0,137.23324396782843,95.60483870967742,4.148646645845107,2.890193964462778,1.4579401512305852,True,False,-1,PV-/PNN+,0.0,0.0,296.31705237,19.42376350908454,0.8588753938674927,False,NONE
28,533,1956,296.31705237,19.42376350908454,66391.0,177.99195710455763,113.49193548387096,5.380807991410144,3.4309320676410517,1.5418838171022635,True,False,-1,PV-/PNN+,0.0,0.0,296.31705237,19.42376350908454,1.5040706396102905,False,NONE
29,342,2208,296.31705237,19.42376350908454,19754.0,52.9597855227882,41.524193548387096,1.6010073814570647,1.2553022963322515,1.174801173998914,True,False,-1,PV-/PNN+,0.0,0.0,296.31705237,19.42376350908454,0.3301162123680115,False,NONE
30,492,1877,296.31705237,19.42376350908454,45303.0,121.45576407506702,87.70161290322581,3.6716835781183255,2.65127451400529,1.582215057219764,True,False,-1,PV-/PNN+,0.0,0.0,296.31705237,19.42376350908454,1.4971299171447754,False,NONE
31,403,2157,296.31705237,19.42376350908454,34219.0,91.73994638069705,73.0,2.773355856336909,2.2068355770828396,2.114450710702572,True,False,-1,PV-/PNN+,0.0,0.0,296.31705237,19.42376350908454,0.7659965753555298,False,NONE
32,424,2115,296.31705237,19.42376350908454,23885.0,64.0348525469169,54.00806451612903,1.935813572243697,1.632697509912039,2.0173823022841817,True,False,-1,PV-/PNN+,0.0,0.0,296.31705237,19.42376350908454,1.4012813568115234,False,NONE
33,446,2260,296.31705237,19.42376350908454,18718.0,50.18230563002681,44.104838709677416,1.517042430197091,1.3333168107673496,1.296615190760584,True,False,-1,PV-/PNN+,0.0,0.0,296.31705237,19.42376350908454,0.57679283618927,False,NONE
34,490,2161,296.31705237,19.42376350908454,30864.0,82.74530831099196,68.34677419354838,2.501442331745006,2.0661656557420534,2.1598404453432845,True,False,-1,PV-/PNN+,0.0,0.0,296.31705237,19.42376350908454,0.13563843071460724,False,NONE
35,480,2091,296.31705237,19.42376350908454,20940.0,56.13941018766756,70.06451612903226,1.6971294202546792,2.1180940669129154,1.2781585215542706,True,False,-1,PV-/PNN+,0.0,0.0,296.31705237,19.42376350908454,0.132719948887825,False,NONE
36,557,2744,296.31705237,19.42376350908454,56364.0,151.10991957104557,149.61290322580646,4.568147213143971,4.522891474374817,1.1331027731994645,True,False,-1,PV-/PNN+,0.0,0.0,296.31705237,19.42376350908454,3.1280956268310547,False,NONE
37,313,2721,296.31705237,19.42376350908454,18571.0,49.788203753351205,40.903225806451616,1.5051284844102029,1.2365300537963062,0.9267982262933361,True,False,-1,PV-/PNN+,0.0,0.0,296.31705237,19.42376350908454,0.4000793993473053,False,NONE
38,410,2754,296.31705237,19.42376350908454,26565.0,71.21983914209115,51.346774193548384,2.1530202029162155,1.552245041900844,1.055721478601142,True,False,-1,PV-/PNN+,0.0,0.0,296.31705237,19.42376350908454,0.9901989698410034,False,NONE
39,461,2435,296.31705237,19.42376350908454,21164.0,56.73994638069705,38.5,1.71528400431089,1.163879037228621,1.1817736934768546,True,False,-1,PV-/PNN+,0.0,0.0,296.31705237,19.42376350908454,0.8181190490722656,False,NONE
40,416,2594,296.31705237,19.42376350908454,18788.0,50.369973190348524,40.38709677419355,1.522715737714657,1.2209271509092865,0.9846291231397857,True,False,-1,PV-/PNN+,0.0,0.0,296.31705237,19.42376350908454,0.4520612359046936,False,NONE
41,523,2735,296.31705237,19.42376350908454,54664.0,146.55227882037534,133.69354838709677,4.430366887717373,4.041639438453305,1.1296848714945917,True,False,-1,PV-/PNN+,0.0,0.0,296.31705237,19.42376350908454,2.0056116580963135,False,NONE
42,330,2808,296.31705237,19.42376350908454,24045.0,64.46380697050938,48.645161290322584,1.9487811322838473,1.4705735971016007,0.8868771343804207,True,False,-1,PV-/PNN+,0.0,0.0,296.31705237,19.42376350908454,1.2230147123336792,False,NONE
43,478,2769,296.31705237,19.42376350908454,34810.0,93.32439678284182,71.20161290322581,2.821254781235214,2.152469212335881,1.0856622975358288,True,False,-1,PV-/PNN+,0.0,0.0,296.31705237,19.42376350908454,1.2855455875396729,False,NONE
44,533,2386,296.31705237,19.42376350908454,15594.0,41.806970509383376,33.62096774193548,1.263850820413155,1.0163828458747635,1.6578190429315527,True,True,13,PV+/PNN+,111.2181966,11.899891008124815,296.31705237,19.42376350908454,0.2740373909473419,False,NONE
45,456,2845,296.31705237,19.42376350908454,30368.0,81.41554959785523,68.79838709677419,2.46124289562054,2.0798181957681954,1.026327523939235,True,False,-1,PV-/PNN+,0.0,0.0,296.31705237,19.42376350908454,0.2577597200870514,False,NONE
46,964,95,296.31705237,19.42376350908454,57453.0,154.02949061662198,163.82258064516128,4.656407668667244,4.952458894483076,1.2819865714637282,True,False,-1,PV-/PNN+,0.0,0.0,296.31705237,19.42376350908454,2.9340243339538574,False,NONE
47,802,48,296.31705237,19.42376350908454,55044.0,147.5710455764075,136.6209677419355,4.46116484281273,4.130137153265619,1.4465927175704072,True,False,-1,PV-/PNN+,0.0,0.0,296.31705237,19.42376350908454,1.9513722658157349,False,NONE
48,1120,459,296.31705237,19.42376350908454,61744.0,165.53351206434317,131.91129032258064,5.004181419494027,3.987760664421565,1.4788577096644073,True,False,-1,PV-/PNN+,0.0,0.0,296.31705237,19.42376350908454,1.8892658948898315,False,NONE
49,890,300,296.31705237,19.42376350908454,83643.0,224.24396782841822,228.30645161290323,6.7790351527393575,6.901846573930092,1.6364913362931455,True,False,-1,PV-/PNN+,0.0,0.0,296.31705237,19.42376350908454,1.4628649950027466,False,NONE
50,774,32,296.31705237,19.42376350908454,33618.0,90.12868632707774,74.26612903225806,2.724646458936094,2.2451114482275596,1.4970409467343313,True,False,-1,PV-/PNN+,0.0,0.0,296.31705237,19.42376350908454,0.7164705991744995,False,NONE
51,754,273,296.31705237,19.42376350908454,41365.0,110.89812332439678,97.0,3.3525195066301245,2.932370561329253,1.639088941588849,True,False,-1,PV-/PNN+,0.0,0.0,296.31705237,19.42376350908454,1.5391250848770142,False,NONE
52,774,250,296.31705237,19.42376350908454,42189.0,113.10723860589812,91.12096774193549,3.419302440836899,2.7546437456317947,1.6464716092713745,True,False,-1,PV-/PNN+,0.0,0.0,296.31705237,19.42376350908454,1.4630299806594849,False,NONE
53,985,18,296.31705237,19.42376350908454,51526.0,138.13941018766755,124.6774193548387,4.1760406164299235,3.7690762286456807,1.2607955808935163,True,False,-1,PV-/PNN+,0.0,0.0,296.31705237,19.42376350908454,1.6204441785812378,False,NONE
54,1048,316,296.31705237,19.42376350908454,65453.0,175.47721179624665,135.2983870967742,5.304785670674763,4.090154714617632,1.3920430063606357,True,False,-1,PV-/PNN+,0.0,0.0,296.31705237,19.42376350908454,1.4738746881484985,False,NONE
55,1045,131,296.31705237,19.42376350908454,77413.0,207.54155495978551,178.29032258064515,6.274110783676003,5.389827766034845,1.3271028739680506,True,False,-1,PV-/PNN+,0.0,0.0,296.31705237,19.42376350908454,1.8936057090759277,False,NONE
56,871,122,296.31705237,19.42376350908454,38026.0,101.94638069705094,86.01612903225806,3.0819027380422366,2.600321284264866,1.6973299866398832,True,False,-1,PV-/PNN+,0.0,0.0,296.31705237,19.42376350908454,1.9678473472595215,False,NONE
57,995,303,296.31705237,19.42376350908454,71505.0,191.7024128686327,159.88709677419354,5.79528362919345,4.833486759969551,1.3538992233342542,True,False,-1,PV-/PNN+,0.0,0.0,296.31705237,19.42376350908454,1.7857154607772827,False,NONE
58,1070,172,296.31705237,19.42376350908454,64207.0,172.1367292225201,145.41935483870967,5.203800796862091,4.396117888417782,1.1626334439295665,True,False,-1,PV-/PNN+,0.0,0.0,296.31705237,19.42376350908454,1.0274970531463623,False,NONE
59,801,440,296.31705237,19.42376350908454,60610.0,162.49329758713137,116.45967741935483,4.912273837709461,3.5206487592414146,1.729184830529299,True,False,-1,PV-/PNN+,0.0,0.0,296.31705237,19.42376350908454,1.5475435256958008,False,NONE
60,984,361,296.31705237,19.42376350908454,71274.0,191.08310991957106,146.49193548387098,5.776561714385483,4.42854267097987,1.3305207756729234,True,False,-1,PV-/PNN+,0.0,0.0,296.31705237,19.42376350908454,1.8790061473846436,False,NONE
61,658,569,296.31705237,19.42376350908454,23205.0,62.211796246648795,44.49193548387097,1.8807014420730581,1.3450189879326147,1.8076598536731805,True,False,-1,PV-/PNN+,0.0,0.0,296.31705237,19.42376350908454,0.867236852645874,False,NONE
62,884,28,296.31705237,19.42376350908454,51811.0,138.9034852546917,108.09677419354838,4.199139082751442,3.267832973400175,1.551180509739518,True,False,-1,PV-/PNN+,0.0,0.0,296.31705237,19.42376350908454,2.4906198978424072,False,NONE
63,1080,506,296.31705237,19.42376350908454,51619.0,138.3887399463807,127.38709677419355,4.183578010703261,3.8509914688025337,1.508661812530899,True,False,-1,PV-/PNN+,0.0,0.0,296.31705237,19.42376350908454,1.6662639379501343,False,NONE
64,987,157,296.31705237,19.42376350908454,57216.0,153.3941018766756,137.07258064516128,4.637199470357771,4.143789693291762,1.370305151517644,True,False,-1,PV-/PNN+,0.0,0.0,296.31705237,19.42376350908454,1.4193960428237915,False,NONE
65,1072,287,296.31705237,19.42376350908454,59935.0,160.68364611260054,149.33064516129033,4.857566943790077,4.5143586368584785,1.3928633027698052,True,False,-1,PV-/PNN+,0.0,0.0,296.31705237,19.42376350908454,1.012337327003479,False,NONE
66,952,378,296.31705237,19.42376350908454,60603.0,162.4745308310992,137.01612903225808,4.911706506957705,4.142083125788495,1.3928633027698052,True,False,-1,PV-/PNN+,0.0,0.0,296.31705237,19.42376350908454,1.1280653476715088,False,NONE
67,1112,498,296.31705237,19.42376350908454,79621.0,213.46112600536193,187.88709677419354,6.453063112230078,5.679944241590366,1.35239534658411,True,False,-1,PV-/PNN+,0.0,0.0,296.31705237,19.42376350908454,2.1779205799102783,False,NONE
68,1072,243,296.31705237,19.42376350908454,64689.0,173.4289544235925,164.57258064516128,5.242865571483045,4.975131862740777,1.2633931861892196,True,False,-1,PV-/PNN+,0.0,0.0,296.31705237,19.42376350908454,0.9907764792442322,False,NONE
69,716,151,296.31705237,19.42376350908454,21366.0,57.28150134048257,46.645161290322584,1.7316555488615797,1.4101123484143996,1.5232904318277551,True,False,-1,PV-/PNN+,0.0,0.0,296.31705237,19.42376350908454,0.9145455360412598,False,NONE
70,1127,235,296.31705237,19.42376350908454,33934.0,90.97587131367293,90.44354838709677,2.750257390015391,2.7341649355925814,1.1698793955438969,True,False,-1,PV-/PNN+,0.0,0.0,296.31705237,19.42376350908454,1.3067668676376343,False,NONE
71,1147,386,296.31705237,19.42376350908454,40005.0,107.2520107238606,87.5725806451613,3.2422952462888466,2.647373788283535,1.582078341151569,True,False,-1,PV-/PNN+,0.0,0.0,296.31705237,19.42376350908454,0.1652820110321045,False,NONE
72,1024,251,296.31705237,19.42376350908454,84064.0,225.37265415549598,205.25806451612902,6.8131560450950035,6.2050794418816215,1.3493875930838217,True,False,-1,PV-/PNN+,0.0,0.0,296.31705237,19.42376350908454,0.6280944347381592,False,NONE
73,915,482,296.31705237,19.42376350908454,84322.0,226.06434316353887,211.06451612903226,6.834066235659745,6.380612099360592,1.5882305642203403,True,False,-1,PV-/PNN+,0.0,0.0,296.31705237,19.42376350908454,1.1252175569534302,False,NONE
74,829,374,296.31705237,19.42376350908454,71278.0,191.09383378016085,163.3709677419355,5.7768859033864866,4.9388063544569345,1.631159409633544,True,False,-1,PV-/PNN+,0.0,0.0,296.31705237,19.42376350908454,1.3339927196502686,False,NONE
75,855,545,296.31705237,19.42376350908454,79664.0,213.57640750670242,215.73387096774192,6.456548143990869,6.521769611416597,1.684615392297756,True,False,-1,PV-/PNN+,0.0,0.0,296.31705237,19.42376350908454,1.535799503326416,False,NONE
76,869,424,296.31705237,19.42376350908454,58011.0,155.5254691689008,187.93548387096774,4.701632034307268,5.681407013736025,1.8468973652451215,True,False,-1,PV-/PNN+,0.0,0.0,296.31705237,19.42376350908454,1.0996332168579102,False,NONE
77,791,560,296.31705237,19.42376350908454,70465.0,188.9142091152815,169.5241935483871,5.710994488932473,5.124822212313122,1.6580924750679424,True,False,-1,PV-/PNN+,0.0,0.0,296.31705237,19.42376350908454,0.9795748591423035,False,NONE
78,928,301,296.31705237,19.42376350908454,62017.0,166.26541554959786,147.82258064516128,5.026307318812534,4.468768904985467,1.353762507266059,True,False,-1,PV-/PNN+,0.0,0.0,296.31705237,19.42376350908454,0.8855342864990234,False,NONE
79,914,229,296.31705237,19.42376350908454,56578.0,151.68364611260054,150.44354838709677,4.585491324697672,4.548002396208614,1.505243910826026,True,False,-1,PV-/PNN+,0.0,0.0,296.31705237,19.42376350908454,1.2881494760513306,False,NONE
80,902,540,296.31705237,19.42376350908454,47215.0,126.58176943699732,83.24193548387096,3.8266459205981227,2.5164556812471353,1.7242630520742819,True,False,-1,PV-/PNN+,0.0,0.0,296.31705237,19.42376350908454,0.6716967821121216,False,NONE
81,889,448,296.31705237,19.42376350908454,71088.0,190.58445040214477,182.11290322580646,5.761486925838808,5.505386765541835,1.7209818664376035,True,False,-1,PV-/PNN+,0.0,0.0,296.31705237,19.42376350908454,0.32429420948028564,False,NONE
82,985,465,296.31705237,19.42376350908454,42890.0,114.98659517426273,115.87903225806451,3.4761165632628077,3.5030954934935177,1.4218471092271274,True,False,-1,PV-/PNN+,0.0,0.0,296.31705237,19.42376350908454,0.23668880760669708,False,NONE
83,1128,68,296.31705237,19.42376350908454,45826.0,122.85790884718499,157.09677419354838,3.714071289999567,4.749133566236601,1.3454228271061692,True,False,-1,PV-/PNN+,0.0,0.0,296.31705237,19.42376350908454,0.8036593198776245,False,NONE
84,907,17,296.31705237,19.42376350908454,40664.0,109.01876675603218,92.90322580645162,3.2957053842042163,2.8085225196635344,1.6133863207682049,True,False,-1,PV-/PNN+,0.0,0.0,296.31705237,19.42376350908454,2.160625457763672,False,NONE
85,1023,893,296.31705237,19.42376350908454,20088.0,53.85522788203753,51.33870967741935,1.6280771630408786,1.5520012465432342,1.5059274911670009,True,False,-1,PV-/PNN+,0.0,0.0,296.31705237,19.42376350908454,0.8009216785430908,False,NONE
86,1038,1055,296.31705237,19.42376350908454,22363.0,59.9544235924933,54.693548387096776,1.8124596573617666,1.6534201153088621,1.3130211189439742,True,False,-1,PV-/PNN+,0.0,0.0,296.31705237,19.42376350908454,0.6139915585517883,False,NONE
87,967,1147,296.31705237,19.42376350908454,37041.0,99.30563002680965,71.95161290322581,3.002071196545061,2.175142180593581,1.3973749330202374,True,False,-1,PV-/PNN+,0.0,0.0,296.31705237,19.42376350908454,1.7467867136001587,False,NONE
88,848,992,296.31705237,19.42376350908454,59249.0,158.84450402144773,140.74193548387098,4.801968530117932,4.254716581004167,1.4985448234844754,True,False,-1,PV-/PNN+,0.0,0.0,296.31705237,19.42376350908454,2.2926864624023438,False,NONE
89,1115,870,296.31705237,19.42376350908454,17320.0,46.4343163538874,41.524193548387096,1.4037383743462772,1.2553022963322515,1.573738660991679,True,True,52,PV+/PNN+,86.59131021,10.500070494515818,296.31705237,19.42376350908454,0.32773086428642273,False,NONE
90,765,718,296.31705237,19.42376350908454,66502.0,178.28954423592492,143.55645161290323,5.389804236187998,4.339801160809946,0.9068376803368785,True,False,-1,PV-/PNN+,0.0,0.0,296.31705237,19.42376350908454,2.2682106494903564,False,NONE
91,692,950,296.31705237,19.42376350908454,56065.0,150.30831099195711,124.11290322580645,4.54391408531894,3.752010553613003,1.5633482398088656,True,False,-1,PV-/PNN+,0.0,0.0,296.31705237,19.42376350908454,1.594488501548767,False,NONE
92,640,957,296.31705237,19.42376350908454,79641.0,213.51474530831098,198.1209677419355,6.454684057235096,5.9893205503970535,1.3670239658809662,True,False,-1,PV-/PNN+,0.0,0.0,296.31705237,19.42376350908454,1.5124448537826538,False,NONE
93,957,1004,296.31705237,19.42376350908454,33642.0,90.19302949061662,78.1774193548387,2.7265915929421167,2.3633521966682554,1.4070817738620764,True,False,-1,PV-/PNN+,0.0,0.0,296.31705237,19.42376350908454,0.6782318353652954,False,NONE
94,708,818,296.31705237,19.42376350908454,66053.0,177.0857908847185,204.83870967741936,5.353414020825326,6.192402083285918,1.4657329671176955,True,False,-1,PV-/PNN+,0.0,0.0,296.31705237,19.42376350908454,2.8614561557769775,False,NONE
95,704,1063,296.31705237,19.42376350908454,64874.0,173.92493297587131,192.2741935483871,5.257859312779469,5.812568916130034,1.6385420773160693,True,False,-1,PV-/PNN+,0.0,0.0,296.31705237,19.42376350908454,1.9717997312545776,False,NONE
96,834,675,296.31705237,19.42376350908454,59286.0,158.94369973190348,105.41129032258064,4.804967278377217,3.186649119316151,1.7074469756863069,True,False,-1,PV-/PNN+,0.0,0.0,296.31705237,19.42376350908454,1.3526090383529663,False,NONE
97,916,1000,296.31705237,19.42376350908454,44470.0,119.22252010723861,88.04838709677419,3.604171218659293,2.6617577143825057,1.7671918974874854,True,False,-1,PV-/PNN+,0.0,0.0,296.31705237,19.42376350908454,0.8453942537307739,False,NONE
98,704,879,296.31705237,19.42376350908454,58577.0,157.04289544235925,112.11290322580645,4.747504777949301,3.3892430614897964,1.5719613521051454,True,False,-1,PV-/PNN+,0.0,0.0,296.31705237,19.42376350908454,0.9840393662452698,False,NONE
99,779,797,296.31705237,19.42376350908454,67714.0,181.53887399463807,137.31451612903226,5.4880335034921375,4.151103554020052,1.5880938481521454,True,False,-1,PV-/PNN+,0.0,0.0,296.31705237,19.42376350908454,1.2841891050338745,False,NONE
100,685,1008,296.31705237,19.42376350908454,64208.0,172.13941018766755,180.06451612903226,5.203881844112342,5.443462744708976,1.60490992454012,True,False,-1,PV-/PNN+,0.0,0.0,296.31705237,19.42376350908454,1.3244339227676392,False,NONE
101,737,775,296.31705237,19.42376350908454,59791.0,160.2975871313673,119.0,4.8458961397539415,3.597444296888465,1.5961600961756455,True,False,-1,PV-/PNN+,0.0,0.0,296.31705237,19.42376350908454,0.2022385597229004,False,NONE
102,999,649,296.31705237,19.42376350908454,17624.0,47.24932975871314,40.935483870967744,1.428376738422563,1.2375052352267448,1.396554636611068,True,False,-1,PV-/PNN+,0.0,0.0,296.31705237,19.42376350908454,0.15595340728759766,False,NONE
103,647,1075,296.31705237,19.42376350908454,83682.0,224.3485254691689,206.7258064516129,6.782195995499144,6.249450196966583,1.4768069686414835,True,False,-1,PV-/PNN+,0.0,0.0,296.31705237,19.42376350908454,0.44396817684173584,False,NONE
104,788,844,296.31705237,19.42376350908454,36943.0,99.04289544235925,77.71774193548387,2.994128566020469,2.3494558612845036,1.4772171168460684,True,False,-1,PV-/PNN+,0.0,0.0,296.31705237,19.42376350908454,0.23150138556957245,False,NONE
105,840,1077,296.31705237,19.42376350908454,32192.0,86.30563002680965,65.39516129032258,2.609073080078254,1.9769365548569096,1.9101969048193677,True,False,-1,PV-/PNN+,0.0,0.0,296.31705237,19.42376350908454,0.16140402853488922,False,NONE
106,1096,1004,296.31705237,19.42376350908454,21125.0,56.63538873994638,48.70161290322581,1.7121231615511032,1.4722801646048684,1.2230619460717194,True,False,-1,PV-/PNN+,0.0,0.0,296.31705237,19.42376350908454,0.42841362953186035,False,NONE
107,1138,1372,296.31705237,19.42376350908454,37497.0,100.52815013404826,71.98387096774194,3.0390287426594895,2.1761173620240197,1.2922402765783467,True,False,-1,PV-/PNN+,0.0,0.0,296.31705237,19.42376350908454,2.35823130607605,False,NONE
108,803,1631,296.31705237,19.42376350908454,63060.0,169.06166219839142,137.6290322580645,5.110839600824264,4.16061157296683,1.712368754141324,True,False,-1,PV-/PNN+,0.0,0.0,296.31705237,19.42376350908454,2.2493488788604736,False,NONE
109,794,1533,296.31705237,19.42376350908454,77430.0,207.58713136729222,202.01612903225808,6.275488586930268,6.10707370812253,1.6760022800014764,True,False,-1,PV-/PNN+,0.0,0.0,296.31705237,19.42376350908454,2.646024465560913,False,NONE
110,1138,1710,296.31705237,19.42376350908454,34073.0,91.3485254691689,68.80645161290323,2.761522957800272,2.080061991125805,1.2979823514425335,True,False,-1,PV-/PNN+,0.0,0.0,296.31705237,19.42376350908454,2.0355589389801025,False,NONE
111,1137,1500,296.31705237,19.42376350908454,35884.0,96.20375335120643,74.23387096774194,2.9082995280047235,2.244136266797121,1.3713988800632033,True,False,-1,PV-/PNN+,0.0,0.0,296.31705237,19.42376350908454,1.1792157888412476,False,NONE
112,1085,1487,296.31705237,19.42376350908454,45704.0,122.53083109919571,89.25806451612904,3.7041835254689524,2.6983270180239582,1.4490536067979156,True,False,-1,PV-/PNN+,0.0,0.0,296.31705237,19.42376350908454,1.9107463359832764,False,NONE
113,710,1526,296.31705237,19.42376350908454,83354.0,223.46916890080428,199.41935483870967,6.755612497416836,6.028571602972211,1.6653384266822728,True,False,-1,PV-/PNN+,0.0,0.0,296.31705237,19.42376350908454,1.0654699802398682,False,NONE
114,1109,1672,296.31705237,19.42376350908454,48141.0,129.06434316353887,107.16129032258064,3.9016956743304925,3.239552711917452,1.396554636611068,True,False,-1,PV-/PNN+,0.0,0.0,296.31705237,19.42376350908454,1.9720667600631714,False,NONE
115,1127,1637,296.31705237,19.42376350908454,41136.0,110.28418230563003,80.93548387096774,3.3339596863226593,2.4467302089707665,1.2705024217353553,True,False,-1,PV-/PNN+,0.0,0.0,296.31705237,19.42376350908454,1.0649563074111938,False,NONE
116,892,1503,296.31705237,19.42376350908454,53412.0,143.19571045576407,115.68548387096774,4.328895730403197,3.4972444049108855,1.655768301908629,True,False,-1,PV-/PNN+,0.0,0.0,296.31705237,19.42376350908454,1.604127049446106,False,NONE
117,1022,1657,296.31705237,19.42376350908454,41822.0,112.12332439678285,82.3225806451613,3.3895580999948045,2.488663010479632,1.4137808612036273,True,False,-1,PV-/PNN+,0.0,0.0,296.31705237,19.42376350908454,2.822736978530884,False,NONE
118,978,1306,296.31705237,19.42376350908454,33204.0,89.01876675603218,81.33870967741936,2.6910928973322052,2.458919976851251,1.3265560096952709,True,False,-1,PV-/PNN+,0.0,0.0,296.31705237,19.42376350908454,1.5022178888320923,False,NONE
119,966,1659,296.31705237,19.42376350908454,52047.0,139.53619302949062,106.40322580645162,4.218266233810664,3.216635948302142,1.2748773359175927,True,False,-1,PV-/PNN+,0.0,0.0,296.31705237,19.42376350908454,1.3445820808410645,False,NONE
120,979,1521,296.31705237,19.42376350908454,36128.0,96.85790884718499,69.63709677419355,2.928075057065953,2.1051729129596026,1.2614791612344907,True,False,-1,PV-/PNN+,0.0,0.0,296.31705237,19.42376350908454,1.6670671701431274,False,NONE
121,1005,1553,296.31705237,19.42376350908454,42706.0,114.49329758713137,101.12903225806451,3.461203869216635,3.05719378442541,1.3830197458597713,True,False,-1,PV-/PNN+,0.0,0.0,296.31705237,19.42376350908454,1.2381715774536133,False,NONE
122,780,1453,296.31705237,19.42376350908454,51883.0,139.0965147453083,109.99193548387096,4.204974484769509,3.32512488243845,1.8366436601305027,True,False,-1,PV-/PNN+,0.0,0.0,296.31705237,19.42376350908454,1.9831255674362183,False,NONE
123,912,1344,296.31705237,19.42376350908454,40614.0,108.88471849865952,76.04838709677419,3.291653021691669,2.2989902222592993,1.8682250718835283,True,False,-1,PV-/PNN+,0.0,0.0,296.31705237,19.42376350908454,1.552135705947876,False,NONE
124,834,1313,296.31705237,19.42376350908454,47684.0,127.83914209115281,124.51612903225806,3.864657080965813,3.764200321493487,1.932481623935139,True,False,-1,PV-/PNN+,0.0,0.0,296.31705237,19.42376350908454,1.17823326587677,False,NONE
125,746,1397,296.31705237,19.42376350908454,83730.0,224.47721179624665,185.74193548387098,6.786086263511189,5.6150946764661915,1.7707465152605533,True,False,-1,PV-/PNN+,0.0,0.0,296.31705237,19.42376350908454,0.6102299690246582,False,NONE
126,648,1237,296.31705237,19.42376350908454,60108.0,161.14745308310992,123.58064516129032,4.87158811808349,3.735920060010764,1.5279387781463822,True,False,-1,PV-/PNN+,0.0,0.0,296.31705237,19.42376350908454,1.4554108381271362,False,NONE
127,966,1232,296.31705237,19.42376350908454,21982.0,58.93297587131367,52.354838709677416,1.7815806550161586,1.5827194616020541,1.4326476786145257,True,False,-1,PV-/PNN+,0.0,0.0,296.31705237,19.42376350908454,0.259922593832016,False,NONE
128,960,1444,296.31705237,19.42376350908454,31583.0,84.67292225201072,69.83870967741936,2.5597153046754317,2.1112677968998446,1.461494769003653,True,False,-1,PV-/PNN+,0.0,0.0,296.31705237,19.42376350908454,1.010132074356079,False,NONE
129,910,1440,296.31705237,19.42376350908454,42675.0,114.41018766756032,85.60483870967742,3.4586914044588557,2.5878877210267723,1.6236400258828236,True,False,-1,PV-/PNN+,0.0,0.0,296.31705237,19.42376350908454,1.0959724187850952,False,NONE
130,1003,1215,296.31705237,19.42376350908454,18839.0,50.506702412868634,37.0,1.5268491474774548,1.1185331007132202,1.316439020648847,True,False,-1,PV-/PNN+,0.0,0.0,296.31705237,19.42376350908454,0.22391480207443237,False,NONE
131,884,1356,296.31705237,19.42376350908454,32474.0,87.06166219839142,68.79838709677419,2.631928404649019,2.0798181957681954,1.7382080910301632,True,False,-1,PV-/PNN+,0.0,0.0,296.31705237,19.42376350908454,0.43302831053733826,False,NONE
132,905,1634,296.31705237,19.42376350908454,26494.0,71.02949061662198,64.5725806451613,2.147265848148399,1.9520694283807223,1.4884278344380515,True,False,-1,PV-/PNN+,0.0,0.0,296.31705237,19.42376350908454,1.1417804956436157,False,NONE
133,733,1630,296.31705237,19.42376350908454,30112.0,80.72922252010724,69.20161290322581,2.440494799556299,2.0920079636486797,1.6792834656381543,True,False,-1,PV-/PNN+,0.0,0.0,296.31705237,19.42376350908454,0.3165150284767151,False,NONE
134,714,1658,296.31705237,19.42376350908454,43304.0,116.09651474530831,88.49193548387096,3.509670124866697,2.6751664590510384,1.4658696831858902,True,False,-1,PV-/PNN+,0.0,0.0,296.31705237,19.42376350908454,0.9164314270019531,False,NONE
135,877,1440,296.31705237,19.42376350908454,30967.0,83.02144772117963,72.1774193548387,2.509790198520853,2.181968450606652,1.999472497350648,True,False,-1,PV-/PNN+,0.0,0.0,296.31705237,19.42376350908454,0.3767800033092499,False,NONE
136,696,1382,296.31705237,19.42376350908454,29266.0,78.46112600536193,74.9274193548387,2.3719288258440043,2.2651026675515533,2.7642621828330083,True,False,-1,PV-/PNN+,0.0,0.0,296.31705237,19.42376350908454,1.1408796310424805,False,NONE
137,766,1672,296.31705237,19.42376350908454,25804.0,69.17962466487936,78.08064516129032,2.0913432454752505,2.360426652376939,1.7178373968691207,True,True,24,PV+/PNN+,126.31209471,12.681701540530954,296.31705237,19.42376350908454,0.0576849989593029,False,NONE
138,1038,1573,296.31705237,19.42376350908454,20472.0,54.88471849865952,55.21774193548387,1.6591993071372395,1.6692668135534914,1.3646997927216524,True,False,-1,PV-/PNN+,0.0,0.0,296.31705237,19.42376350908454,0.2572607100009918,False,NONE
139,1040,2010,296.31705237,19.42376350908454,25628.0,68.70777479892762,55.21774193548387,2.077078929431085,1.6692668135534914,1.5716879199687555,True,False,-1,PV-/PNN+,0.0,0.0,296.31705237,19.42376350908454,2.2673451900482178,False,NONE
140,758,2168,296.31705237,19.42376350908454,50708.0,135.94638069705093,105.49193548387096,4.109743965724655,3.1890870728922476,1.7603560940777394,True,False,-1,PV-/PNN+,0.0,0.0,296.31705237,19.42376350908454,1.8810662031173706,False,NONE
141,688,2234,296.31705237,19.42376350908454,40530.0,108.65951742627345,75.95161290322581,3.28484505267059,2.2960646779679834,1.9136148065242407,True,False,-1,PV-/PNN+,0.0,0.0,296.31705237,19.42376350908454,2.2746520042419434,False,NONE
142,1103,1881,296.31705237,19.42376350908454,56811.0,152.30831099195711,112.5241935483871,4.604375334006141,3.4016766247278905,1.1705629758848717,True,False,-1,PV-/PNN+,0.0,0.0,296.31705237,19.42376350908454,2.3006575107574463,False,NONE
143,674,1811,296.31705237,19.42376350908454,55465.0,148.69973190348526,101.74193548387096,4.495285735168376,3.0757222316037454,1.3210873669674743,True,False,-1,PV-/PNN+,0.0,0.0,296.31705237,19.42376350908454,2.4622139930725098,False,NONE
144,691,1912,296.31705237,19.42376350908454,40593.0,108.828418230563,98.59677419354838,3.2899510294363994,2.98064204213597,1.6461981771349845,True,False,-1,PV-/PNN+,0.0,0.0,296.31705237,19.42376350908454,1.636074185371399,False,NONE
145,1140,1857,296.31705237,19.42376350908454,38607.0,103.50402144772119,84.12903225806451,3.128991190438033,2.5432731705842007,0.9777933197300398,True,False,-1,PV-/PNN+,0.0,0.0,296.31705237,19.42376350908454,2.052722215652466,False,NONE
146,913,2053,296.31705237,19.42376350908454,46065.0,123.49865951742628,81.25,3.733441582809542,2.4562382279175443,1.4500106192752802,True,False,-1,PV-/PNN+,0.0,0.0,296.31705237,19.42376350908454,1.938096046447754,False,NONE
147,854,1882,296.31705237,19.42376350908454,44595.0,119.55764075067025,96.20967741935483,3.6143021249406604,2.908478616283504,1.572508216377925,True,False,-1,PV-/PNN+,0.0,0.0,296.31705237,19.42376350908454,2.3507814407348633,False,NONE
148,815,2154,296.31705237,19.42376350908454,51441.0,137.91152815013405,95.95161290322581,4.169151600158594,2.900677164839994,2.383644648978362,True,False,-1,PV-/PNN+,0.0,0.0,296.31705237,19.42376350908454,2.8992128372192383,False,NONE
149,797,1908,296.31705237,19.42376350908454,63314.0,169.7426273458445,159.98387096774192,5.131425602388003,4.836412304260867,1.4494637550025005,True,False,-1,PV-/PNN+,0.0,0.0,296.31705237,19.42376350908454,2.860485553741455,False,NONE
150,865,2297,296.31705237,19.42376350908454,45371.0,121.63806970509384,74.53225806451613,3.6771947911353897,2.253156695028679,1.6900840350255528,True,False,-1,PV-/PNN+,0.0,0.0,296.31705237,19.42376350908454,2.2347724437713623,False,NONE
151,937,2129,296.31705237,19.42376350908454,24143.0,64.72654155495978,41.53225806451613,1.9567237628084393,1.2555460916898613,1.3227279597858133,True,False,-1,PV-/PNN+,0.0,0.0,296.31705237,19.42376350908454,1.030784249305725,False,NONE
152,859,2107,296.31705237,19.42376350908454,32435.0,86.95710455764075,66.15322580645162,2.6287675618892323,1.99985331847222,2.162027902434403,True,False,-1,PV-/PNN+,0.0,0.0,296.31705237,19.42376350908454,1.3740116357803345,False,NONE
153,704,1857,296.31705237,19.42376350908454,30669.0,82.22252010723861,67.79032258064517,2.4856381179460727,2.0493437760669853,1.5551452757171706,True,False,-1,PV-/PNN+,0.0,0.0,296.31705237,19.42376350908454,1.9732630252838135,False,NONE
154,803,1997,296.31705237,19.42376350908454,33030.0,88.55227882037534,74.58064516129032,2.6769906757885416,2.2546194671743374,1.5548718435807807,True,False,-1,PV-/PNN+,0.0,0.0,296.31705237,19.42376350908454,1.2022250890731812,False,NONE
155,973,2199,296.31705237,19.42376350908454,27933.0,74.88739946380697,46.443548387096776,2.2638928412595014,1.4040174644741577,1.1886094968866006,True,False,-1,PV-/PNN+,0.0,0.0,296.31705237,19.42376350908454,0.5383453369140625,False,NONE
156,1025,2072,296.31705237,19.42376350908454,16404.0,43.97855227882037,41.00806451612903,1.3294990931164163,1.239699393445232,3.3403836942063854,True,True,38,PV+/PNN+,258.97951494,18.158825944921077,296.31705237,19.42376350908454,0.10152639448642731,False,NONE
157,968,1852,296.31705237,19.42376350908454,21185.0,56.79624664879356,44.87096774193548,1.7169859965661596,1.3564773697402694,1.1429463301094984,True,False,-1,PV-/PNN+,0.0,0.0,296.31705237,19.42376350908454,1.7262705564498901,False,NONE
158,1026,2109,296.31705237,19.42376350908454,19123.0,51.26809651474531,38.08064516129032,1.5498665665487217,1.1512016786329173,1.1609928511112275,True,False,-1,PV-/PNN+,0.0,0.0,296.31705237,19.42376350908454,1.2717894315719604,False,NONE
159,766,1800,296.31705237,19.42376350908454,25368.0,68.0107238605898,76.48387096774194,2.0560066443658407,2.312155171570222,1.4735257830048056,True,False,-1,PV-/PNN+,0.0,0.0,296.31705237,19.42376350908454,0.17941896617412567,False,NONE
160,730,2222,296.31705237,19.42376350908454,24286.0,65.10991957104558,58.70967741935484,1.968313519594324,1.7748302033984835,2.382004056160023,True,False,-1,PV-/PNN+,0.0,0.0,296.31705237,19.42376350908454,0.7071390151977539,False,NONE
161,838,2170,296.31705237,19.42376350908454,26756.0,71.73190348525469,55.314516129032256,2.168500227714145,1.6721923578448075,1.6526238323401456,True,False,-1,PV-/PNN+,0.0,0.0,296.31705237,19.42376350908454,1.733667254447937,False,NONE
162,886,2189,296.31705237,19.42376350908454,17678.0,47.394101876675606,36.814516129032256,1.4327532899361137,1.1129258074881974,1.5223334193503908,True,False,-1,PV-/PNN+,0.0,0.0,296.31705237,19.42376350908454,0.2599087357521057,False,NONE
163,787,2221,296.31705237,19.42376350908454,32288.0,86.56300268096514,56.91129032258065,2.616853616102344,1.7204638386515245,1.6326632863836879,True,False,-1,PV-/PNN+,0.0,0.0,296.31705237,19.42376350908454,0.06457176804542542,False,NONE
164,890,2070,296.31705237,19.42376350908454,26084.0,69.93029490616622,60.12096774193548,2.1140364755455137,1.8174943909801777,1.4519246442300089,True,False,-1,PV-/PNN+,0.0,0.0,296.31705237,19.42376350908454,0.24405749142169952,False,NONE
165,956,2568,296.31705237,19.42376350908454,65588.0,175.8391420911528,184.70967741935485,5.315727049458639,5.583888870692152,1.9346690810262575,True,True,35,PV+/PNN+,212.90340492,16.464417218744998,296.31705237,19.42376350908454,3.516295909881592,False,NONE
166,711,2572,296.31705237,19.42376350908454,53919.0,144.55495978552278,104.6774193548387,4.369986686280423,3.1644637417736696,1.21390196950266,True,False,-1,PV-/PNN+,0.0,0.0,296.31705237,19.42376350908454,2.0355474948883057,False,NONE
167,750,2546,296.31705237,19.42376350908454,54810.0,146.94369973190348,106.98387096774194,4.44219978625401,3.234189214050039,1.2793889661680247,True,False,-1,PV-/PNN+,0.0,0.0,296.31705237,19.42376350908454,1.6879122257232666,False,NONE
168,769,2722,296.31705237,19.42376350908454,69824.0,187.19571045576407,159.05645161290323,5.65904320152162,4.808375838135754,1.2877286463279147,True,False,-1,PV-/PNN+,0.0,0.0,296.31705237,19.42376350908454,2.439134359359741,False,NONE
169,1097,2713,296.31705237,19.42376350908454,59740.0,160.1608579088472,160.48387096774192,4.841762729991144,4.8515276164326675,2.8222297957476528,True,True,50,PV+/PNN+,170.00495766,14.712478883374446,296.31705237,19.42376350908454,1.678666114807129,False,NONE
170,940,2693,296.31705237,19.42376350908454,58129.0,155.84182305630026,125.61290322580645,4.711195609836879,3.797356490128404,1.2948378818740505,True,False,-1,PV-/PNN+,0.0,0.0,296.31705237,19.42376350908454,1.941978096961975,False,NONE
171,656,2781,296.31705237,19.42376350908454,79087.0,212.02949061662198,192.99193548387098,6.409783880596076,5.834266702957295,1.106306423833261,True,False,-1,PV-/PNN+,0.0,0.0,296.31705237,19.42376350908454,2.5451977252960205,False,NONE
172,816,2531,296.31705237,19.42376350908454,41557.0,111.41286863270777,82.75,3.368080578678305,2.501584164432945,1.2949745979422451,True,False,-1,PV-/PNN+,0.0,0.0,296.31705237,19.42376350908454,1.6582444906234741,False,NONE
173,990,2793,296.31705237,19.42376350908454,73545.0,197.17158176943698,171.3951612903226,5.960620019705367,5.181382735278568,1.361965471357754,True,False,-1,PV-/PNN+,0.0,0.0,296.31705237,19.42376350908454,2.387056350708008,False,NONE
174,653,2820,296.31705237,19.42376350908454,73479.0,196.9946380697051,179.49193548387098,5.955270901188806,5.426153274318688,1.1622232957249816,True,False,-1,PV-/PNN+,0.0,0.0,296.31705237,19.42376350908454,2.9174158573150635,False,NONE
175,709,2456,296.31705237,19.42376350908454,28388.0,76.10723860589812,64.79838709677419,2.300769340123679,1.9588956983937933,2.4898730339658117,True,False,-1,PV-/PNN+,0.0,0.0,296.31705237,19.42376350908454,0.8040153980255127,False,NONE
176,1035,2635,296.31705237,19.42376350908454,60504.0,162.20911528150134,113.4758064516129,4.903682829182862,3.4304444769258327,1.3461064074471438,True,False,-1,PV-/PNN+,0.0,0.0,296.31705237,19.42376350908454,1.9640090465545654,False,NONE
177,672,2601,296.31705237,19.42376350908454,34032.0,91.23860589812332,71.99193548387096,2.758200020539983,2.1763611573816295,1.2067927339565243,True,False,-1,PV-/PNN+,0.0,0.0,296.31705237,19.42376350908454,0.932228684425354,False,NONE
178,742,2649,296.31705237,19.42376350908454,37440.0,100.37533512064343,70.04838709677419,3.034409049395186,2.1176064761976963,1.3630591999033135,True,False,-1,PV-/PNN+,0.0,0.0,296.31705237,19.42376350908454,2.150620222091675,False,NONE
179,1053,2667,296.31705237,19.42376350908454,81394.0,218.21447721179624,198.66129032258064,6.5967598869249935,6.005654839356901,2.678677924142991,True,True,42,PV+/PNN+,183.51002439,15.28568676601291,296.31705237,19.42376350908454,1.5797909498214722,False,NONE
180,878,2736,296.31705237,19.42376350908454,62348.0,167.15281501340482,128.2983870967742,5.053133958645594,3.8785403442124284,1.4954003539159924,True,False,-1,PV-/PNN+,0.0,0.0,296.31705237,19.42376350908454,1.199463963508606,False,NONE
181,840,2798,296.31705237,19.42376350908454,59533.0,159.6058981233244,127.30645161290323,4.824985949189199,3.8485535152264374,1.3972382169520425,True,False,-1,PV-/PNN+,0.0,0.0,296.31705237,19.42376350908454,1.636949896812439,False,NONE
182,642,2618,296.31705237,19.42376350908454,26968.0,72.30026809651474,62.61290322580645,2.1856822447673445,1.8928271564815695,1.3001698085336522,True,False,-1,PV-/PNN+,0.0,0.0,296.31705237,19.42376350908454,0.3217167258262634,False,NONE
183,1141,2817,296.31705237,19.42376350908454,55067.0,147.63270777479892,139.9758064516129,4.463028929568502,4.231556022031247,1.6351241756111965,True,False,-1,PV-/PNN+,0.0,0.0,296.31705237,19.42376350908454,0.5440304279327393,False,NONE
184,703,2806,296.31705237,19.42376350908454,34556.0,92.64343163538874,79.95967741935483,2.8006687796714753,2.417230970699995,1.1560710726562105,True,False,-1,PV-/PNN+,0.0,0.0,296.31705237,19.42376350908454,0.7580128312110901,False,NONE
185,1035,2767,296.31705237,19.42376350908454,39465.0,105.80428954423593,138.53225806451613,3.1985297311533394,4.187916653019114,2.036932700036055,True,False,-1,PV-/PNN+,0.0,0.0,296.31705237,19.42376350908454,0.2268325388431549,False,NONE
186,825,2837,296.31705237,19.42376350908454,39289.0,105.33243967828419,78.13709677419355,3.184265415109174,2.362133219880207,1.1623600117931765,True,False,-1,PV-/PNN+,0.0,0.0,296.31705237,19.42376350908454,0.6324889659881592,False,NONE
187,1576,130,296.31705237,19.42376350908454,82072.0,220.03217158176943,217.88709677419354,6.651709922595131,6.586862971898383,1.207066166092914,True,False,-1,PV-/PNN+,0.0,0.0,296.31705237,19.42376350908454,2.3004887104034424,False,NONE
188,1442,535,296.31705237,19.42376350908454,50981.0,136.67828418230562,120.7258064516129,4.131869865043162,3.6496165034169366,1.5983475532667641,True,False,-1,PV-/PNN+,0.0,0.0,296.31705237,19.42376350908454,2.7235541343688965,False,NONE
189,1671,102,296.31705237,19.42376350908454,50477.0,135.32707774798928,126.6774193548387,4.091022050916688,3.829537477332882,1.2780218054860757,True,False,-1,PV-/PNN+,0.0,0.0,296.31705237,19.42376350908454,1.876275658607483,False,NONE
190,1250,393,296.31705237,19.42376350908454,67575.0,181.1662198391421,161.83870967741936,5.476767935707256,4.892485236511095,1.58850399635673,True,False,-1,PV-/PNN+,0.0,0.0,296.31705237,19.42376350908454,1.6043894290924072,False,NONE
191,1475,385,296.31705237,19.42376350908454,62339.0,167.12868632707776,155.8548387096774,5.052404533393337,4.7115890811647105,1.5468055955572806,True,False,-1,PV-/PNN+,0.0,0.0,296.31705237,19.42376350908454,0.8602510094642639,False,NONE
192,1482,430,296.31705237,19.42376350908454,43019.0,115.33243967828419,120.98387096774194,3.4865716585451794,3.6574179548604464,1.4300500733188224,True,False,-1,PV-/PNN+,0.0,0.0,296.31705237,19.42376350908454,1.8067607879638672,False,NONE
193,1390,393,296.31705237,19.42376350908454,63341.0,169.81501340482575,155.36290322580646,5.133613878144778,4.696717564350521,1.4969042306661364,True,False,-1,PV-/PNN+,0.0,0.0,296.31705237,19.42376350908454,2.0605576038360596,False,NONE
194,1326,168,296.31705237,19.42376350908454,58234.0,156.12332439678283,133.07258064516128,4.719705571113228,4.022867195917359,1.4147378736809917,True,False,-1,PV-/PNN+,0.0,0.0,296.31705237,19.42376350908454,2.1639959812164307,False,NONE
195,1510,487,296.31705237,19.42376350908454,29820.0,79.94638069705094,84.78225806451613,2.416829002483025,2.5630205945505846,1.4083122184758308,True,False,-1,PV-/PNN+,0.0,0.0,296.31705237,19.42376350908454,0.6934113502502441,False,NONE
196,1400,45,296.31705237,19.42376350908454,60194.0,161.37801608579088,147.96774193548387,4.87855818160507,4.473157221422442,1.4120035523170933,True,False,-1,PV-/PNN+,0.0,0.0,296.31705237,19.42376350908454,1.5539803504943848,False,NONE
197,1425,411,296.31705237,19.42376350908454,55586.0,149.0241286863271,150.34677419354838,4.50509245244874,4.5450768519172975,1.5310832477148653,True,False,-1,PV-/PNN+,0.0,0.0,296.31705237,19.42376350908454,1.9842609167099,False,NONE
198,1275,155,296.31705237,19.42376350908454,39684.0,106.39142091152814,91.20967741935483,3.2162790789582947,2.7573254945655012,1.4964940824615516,True,True,62,PV+/PNN+,181.12677732,15.186104684686722,296.31705237,19.42376350908454,2.9579715728759766,False,NONE
199,1261,474,296.31705237,19.42376350908454,77425.0,207.57372654155495,167.44354838709677,6.275083350679013,5.061923010049823,1.614616765381959,True,False,-1,PV-/PNN+,0.0,0.0,296.31705237,19.42376350908454,1.5264298915863037,False,NONE
200,1282,221,296.31705237,19.42376350908454,35994.0,96.49865951742628,79.86290322580645,2.917214725532327,2.4143054264086787,1.554598411444391,True,False,-1,PV-/PNN+,0.0,0.0,296.31705237,19.42376350908454,1.2733234167099,False,NONE
201,1486,332,296.31705237,19.42376350908454,47853.0,128.2922252010724,94.43548387096774,3.8783540662582223,2.854843637609374,1.4952636378477973,True,False,-1,PV-/PNN+,0.0,0.0,296.31705237,19.42376350908454,1.047594428062439,False,NONE
202,1628,40,296.31705237,19.42376350908454,47599.0,127.6112600536193,121.37096774193549,3.8577680646944836,3.669120132025711,1.365383373062627,True,False,-1,PV-/PNN+,0.0,0.0,296.31705237,19.42376350908454,0.677539587020874,False,NONE
203,1414,145,296.31705237,19.42376350908454,60837.0,163.10187667560322,162.11290322580646,4.930671563516425,4.900774278669824,1.4692875848907632,True,False,-1,PV-/PNN+,0.0,0.0,296.31705237,19.42376350908454,1.2599464654922485,False,NONE
204,1242,538,296.31705237,19.42376350908454,78480.0,210.40214477211796,165.15322580645162,6.360588199693756,4.992685128488674,1.5540515471716112,True,False,-1,PV-/PNN+,0.0,0.0,296.31705237,19.42376350908454,2.3862974643707275,False,NONE
205,1506,107,296.31705237,19.42376350908454,46614.0,124.97050938337802,128.30645161290323,3.7779365231973077,3.8787841395700378,1.3920430063606357,True,False,-1,PV-/PNN+,0.0,0.0,296.31705237,19.42376350908454,1.222758412361145,False,NONE
206,1270,512,296.31705237,19.42376350908454,65640.0,175.9785522788204,169.6290322580645,5.319941506471689,5.127991551962047,1.6533074126811205,True,False,-1,PV-/PNN+,0.0,0.0,296.31705237,19.42376350908454,2.660959005355835,False,NONE
207,1334,305,296.31705237,19.42376350908454,82461.0,221.07506702412869,212.71774193548387,6.6832373029427465,6.430590147670577,1.4642290903675512,True,False,-1,PV-/PNN+,0.0,0.0,296.31705237,19.42376350908454,1.9551351070404053,False,NONE
208,1372,182,296.31705237,19.42376350908454,78705.0,211.0053619302949,202.45967741935485,6.378823831000217,6.120482452791062,1.4928027486202888,True,False,-1,PV-/PNN+,0.0,0.0,296.31705237,19.42376350908454,1.6664093732833862,False,NONE
209,1479,187,296.31705237,19.42376350908454,44064.0,118.13404825737265,122.66129032258064,3.5712660350574112,3.70812738924326,1.4362022963875936,True,False,-1,PV-/PNN+,0.0,0.0,296.31705237,19.42376350908454,0.2522488832473755,False,NONE
210,1491,27,296.31705237,19.42376350908454,53776.0,144.17158176943698,124.64516129032258,4.358396929494538,3.768101047215242,1.2769280769405165,True,False,-1,PV-/PNN+,0.0,0.0,296.31705237,19.42376350908454,0.6151753664016724,False,NONE
211,1308,280,296.31705237,19.42376350908454,48963.0,131.2680965147453,111.4758064516129,3.9683165140367653,3.3699832282386315,1.4519246442300089,True,False,-1,PV-/PNN+,0.0,0.0,296.31705237,19.42376350908454,0.7783207297325134,False,NONE
212,1606,283,296.31705237,19.42376350908454,22606.0,60.605898123324394,53.53225806451613,1.832154139172745,1.6183135838130678,1.4349718517738395,True,False,-1,PV-/PNN+,0.0,0.0,296.31705237,19.42376350908454,0.49038931727409363,False,NONE
213,1407,17,296.31705237,19.42376350908454,32225.0,86.3941018766756,80.78225806451613,2.611747639336535,2.4420980971761828,1.3986053776339915,True,False,-1,PV-/PNN+,0.0,0.0,296.31705237,19.42376350908454,0.5630435943603516,False,NONE
214,1365,308,296.31705237,19.42376350908454,65346.0,175.19034852546918,173.1048387096774,5.296113614897912,5.23306735109182,1.2566940988476687,True,False,-1,PV-/PNN+,0.0,0.0,296.31705237,19.42376350908454,0.8430663347244263,False,NONE
215,1521,257,296.31705237,19.42376350908454,32812.0,87.96782841823057,110.70161290322581,2.659322375233837,3.3465788739081024,1.4783108453916276,True,False,-1,PV-/PNN+,0.0,0.0,296.31705237,19.42376350908454,0.8834962844848633,False,NONE
216,1470,159,296.31705237,19.42376350908454,52236.0,140.04289544235925,143.9758064516129,4.233584164108091,4.352478519405649,1.5588366095584334,True,False,-1,PV-/PNN+,0.0,0.0,296.31705237,19.42376350908454,0.8775298595428467,False,NONE
217,1239,24,296.31705237,19.42376350908454,36184.0,97.00804289544236,90.73387096774194,2.9326137030800057,2.74294156846653,1.331204356013898,True,False,-1,PV-/PNN+,0.0,0.0,296.31705237,19.42376350908454,0.6131536960601807,False,NONE
218,1370,779,296.31705237,19.42376350908454,59089.0,158.41554959785523,139.66935483870967,4.789000970077781,4.222291798442079,1.3688012747674998,True,False,-1,PV-/PNN+,0.0,0.0,296.31705237,19.42376350908454,2.410187005996704,False,NONE
219,1339,706,296.31705237,19.42376350908454,58380.0,156.51474530831098,157.09677419354838,4.731538469649865,4.749133566236601,1.5079782321899244,True,False,-1,PV-/PNN+,0.0,0.0,296.31705237,19.42376350908454,2.7136623859405518,False,NONE
220,1288,667,296.31705237,19.42376350908454,52510.0,140.7774798927614,113.37903225806451,4.2557911106768485,3.4275189326345163,1.5046970465532465,True,False,-1,PV-/PNN+,0.0,0.0,296.31705237,19.42376350908454,2.4399964809417725,False,NONE
221,1227,889,296.31705237,19.42376350908454,36098.0,96.77747989276139,62.08064516129032,2.925643639558425,1.8767366628793305,1.4255384430683902,True,False,-1,PV-/PNN+,0.0,0.0,296.31705237,19.42376350908454,1.2706722021102905,False,NONE
222,1235,712,296.31705237,19.42376350908454,30388.0,81.46916890080429,65.04838709677419,2.4628638406255585,1.9664533544796934,1.5265716174644333,True,False,-1,PV-/PNN+,0.0,0.0,296.31705237,19.42376350908454,0.8594352602958679,False,NONE
223,1274,730,296.31705237,19.42376350908454,33389.0,89.51474530831099,75.0,2.706086638628629,2.2672968257700408,1.4643658064357463,True,False,-1,PV-/PNN+,0.0,0.0,296.31705237,19.42376350908454,1.8204694986343384,False,NONE
224,1302,717,296.31705237,19.42376350908454,38154.0,102.28954423592494,84.98387096774194,3.092276786074357,2.569115478490827,1.492666032552094,True,False,-1,PV-/PNN+,0.0,0.0,296.31705237,19.42376350908454,1.4763953685760498,False,NONE
225,1275,853,296.31705237,19.42376350908454,23999.0,64.34048257372655,69.36290322580645,1.9450529587723044,2.0968838708008732,1.2417920474144228,True,False,-1,PV-/PNN+,0.0,0.0,296.31705237,19.42376350908454,0.7849895358085632,False,NONE
226,1267,640,296.31705237,19.42376350908454,38887.0,104.25469168900804,77.91129032258064,3.1516844205082957,2.3553069498671357,1.5194623819182975,True,False,-1,PV-/PNN+,0.0,0.0,296.31705237,19.42376350908454,1.080596685409546,False,NONE
227,1228,1076,296.31705237,19.42376350908454,19339.0,51.847184986595174,48.766129032258064,1.5673727726029247,1.474230527465746,1.3790549798821186,True,False,-1,PV-/PNN+,0.0,0.0,296.31705237,19.42376350908454,0.13459211587905884,False,NONE
228,1234,1043,296.31705237,19.42376350908454,11582.0,31.050938337801608,33.983870967741936,0.9386892524063847,1.0273536369671992,1.2077497464338887,True,False,-1,PV-/PNN+,0.0,0.0,296.31705237,19.42376350908454,0.3371129631996155,False,NONE
229,1249,1440,296.31705237,19.42376350908454,20005.0,53.63270777479893,40.03225806451613,1.6213502412700507,1.2102001551744606,1.2469872580058297,True,False,-1,PV-/PNN+,0.0,0.0,296.31705237,19.42376350908454,0.8657807111740112,False,NONE
230,1225,1312,296.31705237,19.42376350908454,20551.0,55.09651474530831,44.806451612903224,1.665602039907064,1.354527006879392,1.339270604037398,True,False,-1,PV-/PNN+,0.0,0.0,296.31705237,19.42376350908454,1.5516061782836914,False,NONE
231,1712,2093,296.31705237,19.42376350908454,43252.0,115.95710455764075,87.95967741935483,3.505455667853648,2.659075965448799,1.523563863964145,True,False,-1,PV-/PNN+,0.0,0.0,296.31705237,19.42376350908454,1.2125002145767212,False,NONE
232,1695,1797,296.31705237,19.42376350908454,19348.0,51.871313672922255,57.24193548387097,1.5681021978551832,1.7304594483135214,0.6443428294026395,True,False,-1,PV-/PNN+,0.0,0.0,296.31705237,19.42376350908454,2.2314565181732178,False,NONE
233,1332,2607,296.31705237,19.42376350908454,55201.0,147.99195710455763,141.36290322580646,4.473889261102127,4.273488823540113,1.518368653372738,True,False,-1,PV-/PNN+,0.0,0.0,296.31705237,19.42376350908454,1.4120545387268066,False,NONE
234,1217,2674,296.31705237,19.42376350908454,72974.0,195.6407506702413,211.80645161290323,5.914342039812081,6.403041272260683,2.738559562012364,True,True,59,PV+/PNN+,148.55573403,13.753073662427433,296.31705237,19.42376350908454,1.298570990562439,False,NONE
235,1429,2666,296.31705237,19.42376350908454,47988.0,128.65415549597856,101.37903225806451,3.8892954450420993,3.06475144051131,1.6062770852220691,True,False,-1,PV-/PNN+,0.0,0.0,296.31705237,19.42376350908454,1.2308183908462524,False,NONE
236,1311,2687,296.31705237,19.42376350908454,57594.0,154.40750670241286,146.01612903225808,4.667835330952626,4.4141587448809,2.0616783083793346,True,False,-1,PV-/PNN+,0.0,0.0,296.31705237,19.42376350908454,0.42010241746902466,False,NONE
237,1490,2790,296.31705237,19.42376350908454,44757.0,119.99195710455764,138.59677419354838,3.6274317794813125,4.189867015879991,3.1485710505289175,True,False,-1,PV-/PNN+,0.0,0.0,296.31705237,19.42376350908454,1.5348118543624878,False,NONE
238,1457,2726,296.31705237,19.42376350908454,55136.0,147.8176943699732,168.3548387096774,4.468621189835817,5.089471885459717,1.6611002285682306,True,False,-1,PV-/PNN+,0.0,0.0,296.31705237,19.42376350908454,0.4611814618110657,False,NONE
239,1305,2791,296.31705237,19.42376350908454,64625.0,173.2573726541555,122.0725806451613,5.2376785474669845,3.6903303281377537,1.5220599872140008,True,False,-1,PV-/PNN+,0.0,0.0,296.31705237,19.42376350908454,1.4815741777420044,False,NONE
240,1572,2838,296.31705237,19.42376350908454,70317.0,188.51742627345845,162.4758064516129,5.698999495895334,4.911745069762259,2.537040077493058,True,False,-1,PV-/PNN+,0.0,0.0,296.31705237,19.42376350908454,1.1660047769546509,False,NONE
241,1231,2795,296.31705237,19.42376350908454,39642.0,106.27882037533512,99.35483870967742,3.2128750944477553,3.00355880575128,2.1130835500206233,True,False,-1,PV-/PNN+,0.0,0.0,296.31705237,19.42376350908454,0.7960610389709473,False,NONE
242,1285,2756,296.31705237,19.42376350908454,73470.0,196.97050938337802,177.56451612903226,5.954541475936547,5.367886183849974,1.6969198384352986,True,False,-1,PV-/PNN+,0.0,0.0,296.31705237,19.42376350908454,0.9296916723251343,False,NONE
243,1215,2739,296.31705237,19.42376350908454,37692.0,101.05093833780161,118.12903225806451,3.054832956458423,3.571114398266619,1.849494970540825,True,False,-1,PV-/PNN+,0.0,0.0,296.31705237,19.42376350908454,0.6082088947296143,False,NONE
244,1250,2681,296.31705237,19.42376350908454,63228.0,169.51206434316353,172.70967741935485,5.124455538866421,5.221121378568946,1.8102574589688842,True,False,-1,PV-/PNN+,0.0,0.0,296.31705237,19.42376350908454,0.30364149808883667,False,NONE
245,1225,2841,296.31705237,19.42376350908454,34309.0,91.98123324396782,84.87096774193549,2.7806501088594935,2.5657023434842916,1.8902363588629099,True,False,-1,PV-/PNN+,0.0,0.0,296.31705237,19.42376350908454,0.1537821739912033,False,NONE
246,1850,103,296.31705237,19.42376350908454,15601.0,41.82573726541555,33.78225806451613,1.2644181511649117,1.021258753026957,1.0573620714194811,True,False,-1,PV-/PNN+,0.0,0.0,296.31705237,19.42376350908454,0.5672039985656738,False,NONE
247,1841,2045,296.31705237,19.42376350908454,23745.0,63.65951742627346,58.45967741935484,1.9244669572085655,1.7672725473125834,2.9175208952795093,True,False,-1,PV-/PNN+,0.0,0.0,296.31705237,19.42376350908454,0.4170595407485962,False,NONE
248,1817,1809,296.31705237,19.42376350908454,14243.0,38.184986595174266,38.024193548387096,1.1543559853241356,1.1494951111296496,1.0048631012326332,True,True,101,PV+/PNN+,380.52511551,22.011352180914457,296.31705237,19.42376350908454,0.23052139580249786,False,NONE
249,1814,2023,296.31705237,19.42376350908454,29033.0,77.83646112600536,61.16129032258065,2.353044816535535,1.848943992111827,2.2692132998992176,True,False,-1,PV-/PNN+,0.0,0.0,296.31705237,19.42376350908454,0.6873561143875122,False,NONE
250,1832,2417,296.31705237,19.42376350908454,62879.0,168.57640750670242,125.45161290322581,5.096170048528844,3.7924805829762103,1.4333312589555003,True,True,107,PV+/PNN+,120.75118488,12.39940255265723,296.31705237,19.42376350908454,2.218662977218628,False,NONE
251,1892,2645,296.31705237,19.42376350908454,37606.0,100.82037533512064,75.41129032258064,3.047862892936842,2.2797303890081344,1.103161954264778,True,False,-1,PV-/PNN+,0.0,0.0,296.31705237,19.42376350908454,1.760693907737732,False,NONE
252,1911,2841,296.31705237,19.42376350908454,36248.0,97.17962466487936,105.38709677419355,2.9378007270960658,3.185917733243322,1.308509488693542,True,False,-1,PV-/PNN+,0.0,0.0,296.31705237,19.42376350908454,2.134709358215332,False,NONE
253,1918,2430,296.31705237,19.42376350908454,13549.0,36.32439678284182,35.346774193548384,1.0981091936499834,1.0685550524032352,0.9177749657924719,True,False,-1,PV-/PNN+,0.0,0.0,296.31705237,19.42376350908454,0.2997751235961914,False,NONE
254,1159,705,296.31705237,19.42376350908454,41377.0,110.93029490616622,85.39516129032258,3.353492073633136,2.5815490417289206,1.4937597610976534,True,False,-1,PV-/PNN+,0.0,0.0,296.31705237,19.42376350908454,2.6626787185668945,False,NONE
255,1189,1243,296.31705237,19.42376350908454,25126.0,67.36193029490616,54.29838709677419,2.036393209805113,1.6414741427859876,1.3260091454224912,True,False,-1,PV-/PNN+,0.0,0.0,296.31705237,19.42376350908454,1.7620373964309692,False,NONE
256,1752,2155,296.31705237,19.42376350908454,31277.0,83.85254691689008,77.04032258064517,2.5349148460986437,2.3289770512452903,2.1502703205696405,True,False,-1,PV-/PNN+,0.0,0.0,296.31705237,19.42376350908454,1.2435191869735718,False,NONE
257,944,1188,296.31705237,19.42376350908454,31486.0,84.41286863270777,75.44354838709677,2.5518537214010903,2.280705570438573,1.4755765240277294,True,False,-1,PV-/PNN+,0.0,0.0,296.31705237,19.42376350908454,1.0743528604507446,False,NONE
258,357,1756,296.31705237,19.42376350908454,29065.0,77.92225201072387,52.78225806451613,2.3556383285435656,1.5956406155553675,1.505243910826026,True,False,-1,PV-/PNN+,0.0,0.0,296.31705237,19.42376350908454,1.9009920358657837,False,NONE
259,590,851,296.31705237,19.42376350908454,31809.0,85.27882037533512,65.35483870967742,2.578031983232144,1.9757175780688614,1.622819729473654,True,False,-1,PV-/PNN+,0.0,0.0,296.31705237,19.42376350908454,1.578994631767273,False,NONE
260,1384,638,296.31705237,19.42376350908454,39604.0,106.17694369973191,94.62903225806451,3.2097952989382197,2.860694726192006,1.6166675064048828,True,False,-1,PV-/PNN+,0.0,0.0,296.31705237,19.42376350908454,1.7861846685409546,False,NONE
261,1356,604,296.31705237,19.42376350908454,41865.0,112.23860589812332,96.79838709677419,3.3930431317555945,2.9262756773890106,1.5262981853280433,True,False,-1,PV-/PNN+,0.0,0.0,296.31705237,19.42376350908454,1.8873248100280762,False,NONE
262,910,1195,296.31705237,19.42376350908454,34702.0,93.0348525469169,85.70161290322581,2.812501678208113,2.5908132653180886,1.8635767255649014,True,False,-1,PV-/PNN+,0.0,0.0,296.31705237,19.42376350908454,1.3687759637832642,False,NONE
263,1183,402,296.31705237,19.42376350908454,65876.0,176.6112600536193,163.84677419354838,5.33906865753091,4.953190280555905,1.5228802836231705,True,False,-1,PV-/PNN+,0.0,0.0,296.31705237,19.42376350908454,1.6999778747558594,False,NONE
264,705,2367,296.31705237,19.42376350908454,32744.0,87.78552278820375,72.64516129032258,2.6538111622167726,2.1961085813480135,1.7617232547596888,True,False,-1,PV-/PNN+,0.0,0.0,296.31705237,19.42376350908454,1.18585205078125,False,NONE
265,609,2327,296.31705237,19.42376350908454,19730.0,52.89544235924933,50.78225806451613,1.5990622474510423,1.5351793668681664,1.5716879199687555,True,False,-1,PV-/PNN+,0.0,0.0,296.31705237,19.42376350908454,0.7152678966522217,False,NONE
266,1114,1775,296.31705237,19.42376350908454,49181.0,131.85254691689008,83.05645161290323,3.98598481459147,2.5108483880221133,1.2234720942763042,True,False,-1,PV-/PNN+,0.0,0.0,296.31705237,19.42376350908454,2.4178411960601807,False,NONE
267,540,2309,296.31705237,19.42376350908454,26077.0,69.91152815013405,53.38709677419355,2.113469144793757,1.6139252673760938,1.7186576932782902,True,True,14,PV+/PNN+,129.48975747,12.84022896403991,296.31705237,19.42376350908454,1.4525526762008667,False,NONE
268,615,1876,296.31705237,19.42376350908454,45693.0,122.50134048257372,110.61290322580645,3.703292005716192,3.3438971249743954,1.4275891840913137,True,False,-1,PV-/PNN+,0.0,0.0,296.31705237,19.42376350908454,1.7355413436889648,False,NONE
269,723,1755,296.31705237,19.42376350908454,41504.0,111.27077747989276,95.6774193548387,3.3637850744150053,2.8923881226812647,1.6528972644765356,True,False,-1,PV-/PNN+,0.0,0.0,296.31705237,19.42376350908454,1.391325831413269,False,NONE
270,806,1763,296.31705237,19.42376350908454,41896.0,112.32171581769437,78.71774193548387,3.3955555965133737,2.3796864856281044,1.554598411444391,True,False,-1,PV-/PNN+,0.0,0.0,296.31705237,19.42376350908454,2.0325424671173096,False,NONE
271,1744,1982,296.31705237,19.42376350908454,30777.0,82.51206434316354,87.1774193548387,2.4943912209731742,2.6354278157606603,1.769789502783189,True,False,-1,PV-/PNN+,0.0,0.0,296.31705237,19.42376350908454,1.4296083450317383,False,NONE
272,1160,2774,296.31705237,19.42376350908454,78580.0,210.67024128686327,182.19354838709677,6.368692924718849,5.507824719117931,2.703150100349881,True,True,55,PV+/PNN+,105.65728677,11.598579038183399,296.31705237,19.42376350908454,2.2473533153533936,False,NONE
273,1153,1415,296.31705237,19.42376350908454,24060.0,64.50402144772119,50.403225806451616,1.9499968410376116,1.5237209850605113,1.3584108535846864,True,False,-1,PV-/PNN+,0.0,0.0,296.31705237,19.42376350908454,1.1199977397918701,False,NONE
274,585,1503,296.31705237,19.42376350908454,66397.0,178.00804289544237,153.69354838709677,5.38129427491165,4.646251925325315,1.5485829044438146,True,False,-1,PV-/PNN+,0.0,0.0,296.31705237,19.42376350908454,0.7487360835075378,False,NONE
275,1180,2640,296.31705237,19.42376350908454,46236.0,123.95710455764075,119.48387096774194,3.7473006626024525,3.612072018345046,2.97316433503484,True,True,58,PV+/PNN+,227.99730303,17.038051012682235,296.31705237,19.42376350908454,1.0518200397491455,False,NONE
276,256,1768,296.31705237,19.42376350908454,16019.0,42.94638069705094,41.306451612903224,1.2982959017698046,1.24871982167679,1.2881387945324994,True,False,-1,PV-/PNN+,0.0,0.0,296.31705237,19.42376350908454,0.40739870071411133,False,NONE
277,475,1776,296.31705237,19.42376350908454,52033.0,139.49865951742626,97.62096774193549,4.21713157230715,2.9511428038651983,1.4511043478208394,True,False,-1,PV-/PNN+,0.0,0.0,296.31705237,19.42376350908454,1.7664597034454346,False,NONE
278,614,1053,296.31705237,19.42376350908454,59642.0,159.89812332439678,139.48387096774192,4.833820099466551,4.2166845052170565,1.4787209935962125,True,False,-1,PV-/PNN+,0.0,0.0,296.31705237,19.42376350908454,1.5466960668563843,False,NONE
279,609,1630,296.31705237,19.42376350908454,39648.0,106.29490616621985,85.5725806451613,3.213361377949261,2.5869125395963337,1.3924531545652203,True,False,-1,PV-/PNN+,0.0,0.0,296.31705237,19.42376350908454,2.071014404296875,False,NONE
280,778,614,296.31705237,19.42376350908454,71224.0,190.9490616621984,170.36290322580646,5.7725093518729365,5.1501769295045285,2.2757756711725734,True,False,-1,PV-/PNN+,0.0,0.0,296.31705237,19.42376350908454,1.594198226928711,False,NONE
281,1191,610,296.31705237,19.42376350908454,25704.0,68.91152815013405,62.54032258064516,2.0832385204501565,1.8906329982630823,1.606687233426654,True,False,-1,PV-/PNN+,0.0,0.0,296.31705237,19.42376350908454,0.9925940036773682,False,NONE
282,1157,52,296.31705237,19.42376350908454,63224.0,169.50134048257374,131.1209677419355,5.124131349865418,3.9638687193758164,1.323274824058593,True,False,-1,PV-/PNN+,0.0,0.0,296.31705237,19.42376350908454,0.5663014054298401,False,NONE
283,1153,2607,296.31705237,19.42376350908454,41717.0,111.84182305630027,72.5241935483871,3.3810481387184557,2.1924516509838687,1.609831702995137,True,False,-1,PV-/PNN+,0.0,0.0,296.31705237,19.42376350908454,1.0667575597763062,False,NONE
284,610,704,296.31705237,19.42376350908454,26250.0,70.37533512064343,61.29838709677419,2.1274903190871695,1.8530885131911914,1.6710805015464594,True,False,-1,PV-/PNN+,0.0,0.0,296.31705237,19.42376350908454,0.9450513124465942,False,NONE
285,883,597,296.31705237,19.42376350908454,31778.0,85.19571045576407,86.74193548387096,2.5755195184743647,2.6222628664497374,1.6031326156535861,True,False,-1,PV-/PNN+,0.0,0.0,296.31705237,19.42376350908454,0.707310676574707,False,NONE
286,844,617,296.31705237,19.42376350908454,68888.0,184.686327077748,127.75806451612904,5.583182975286741,3.8622060552525794,1.5857696749928318,True,False,-1,PV-/PNN+,0.0,0.0,296.31705237,19.42376350908454,1.2236136198043823,False,NONE
287,621,957,296.31705237,19.42376350908454,50216.0,134.62734584450402,132.11290322580646,4.069868718601192,3.993855548361808,1.3258724293542963,True,False,-1,PV-/PNN+,0.0,0.0,296.31705237,19.42376350908454,0.5102322101593018,False,NONE
288,1199,72,296.31705237,19.42376350908454,55366.0,148.4343163538874,123.16129032258064,4.487262057393533,3.7232427014150606,1.1083571648561847,True,False,-1,PV-/PNN+,0.0,0.0,296.31705237,19.42376350908454,0.9548591375350952,False,NONE
289,1057,1177,296.31705237,19.42376350908454,26608.0,71.33512064343164,53.33870967741935,2.156505234677006,1.6124624952304354,1.3909492778150763,True,False,-1,PV-/PNN+,0.0,0.0,296.31705237,19.42376350908454,0.8864613175392151,False,NONE
290,610,2690,296.31705237,19.42376350908454,30325.0,81.30026809651474,65.99193548387096,2.457757863859749,1.994977411320026,1.2028279679788718,True,False,-1,PV-/PNN+,0.0,0.0,296.31705237,19.42376350908454,0.9025529623031616,False,NONE
291,1193,2809,296.31705237,19.42376350908454,53565.0,143.6058981233244,136.0483870967742,4.341295959691591,4.1128276828753325,1.671900797955629,True,False,-1,PV-/PNN+,0.0,0.0,296.31705237,19.42376350908454,0.8439577221870422,False,NONE
292,1161,133,296.31705237,19.42376350908454,85338.0,228.7882037533512,213.7741935483871,6.916410241914701,6.462527339517446,1.3765940906546101,True,False,-1,PV-/PNN+,0.0,0.0,296.31705237,19.42376350908454,1.2912540435791016,False,NONE
293,1159,2742,296.31705237,19.42376350908454,70491.0,188.98391420911528,154.36290322580646,5.713101717438997,4.66648694000692,1.7114117416639596,True,False,-1,PV-/PNN+,0.0,0.0,296.31705237,19.42376350908454,1.0009281635284424,False,NONE
294,1180,323,296.31705237,19.42376350908454,35752.0,95.84986595174263,63.943548387096776,2.8976012909715996,1.9330533904871672,1.2378272814367703,True,False,-1,PV-/PNN+,0.0,0.0,296.31705237,19.42376350908454,0.2290947288274765,False,NONE
295,816,1195,296.31705237,19.42376350908454,48499.0,130.0241286863271,115.99193548387096,3.9307105899203294,3.506508628500053,1.7812736525115618,True,False,-1,PV-/PNN+,0.0,0.0,296.31705237,19.42376350908454,0.8606565594673157,False,NONE
296,1115,606,296.31705237,19.42376350908454,25133.0,67.38069705093834,55.32258064516129,2.03696054055687,1.6724361532024172,1.599988146085103,True,False,-1,PV-/PNN+,0.0,0.0,296.31705237,19.42376350908454,0.5103062391281128,False,NONE
297,1043,1765,296.31705237,19.42376350908454,18343.0,49.1769436997319,45.17741935483871,1.4866497113529886,1.3657415933294375,1.2936074372602961,True,False,-1,PV-/PNN+,0.0,0.0,296.31705237,19.42376350908454,0.8727890253067017,False,NONE
298,609,1264,296.31705237,19.42376350908454,76766.0,205.80697050938338,167.98387096774192,6.221673212763644,5.078257299009672,1.6496160788398575,True,False,-1,PV-/PNN+,0.0,0.0,296.31705237,19.42376350908454,0.2871749997138977,False,NONE
299,578,1892,296.31705237,19.42376350908454,35668.0,95.62466487935657,65.10483870967742,2.890793321950521,1.9681599219829613,1.497587811007111,True,False,-1,PV-/PNN+,0.0,0.0,296.31705237,19.42376350908454,0.5398911237716675,False,NONE
300,602,1298,296.31705237,19.42376350908454,63470.0,170.1608579088472,143.0241935483871,5.144068973427149,4.323710667207707,1.6029958995853912,True,False,-1,PV-/PNN+,0.0,0.0,296.31705237,19.42376350908454,1.488329291343689,False,NONE
301,1200,2675,296.31705237,19.42376350908454,51360.0,137.69436997319036,135.29032258064515,4.162586772888268,4.089910919260022,2.2399560613055054,True,False,-1,PV-/PNN+,0.0,0.0,296.31705237,19.42376350908454,0.5731411576271057,False,NONE
302,931,636,296.31705237,19.42376350908454,35668.0,95.62466487935657,72.13709677419355,2.890793321950521,2.180749473818604,1.2684516807124315,True,False,-1,PV-/PNN+,0.0,0.0,296.31705237,19.42376350908454,0.5834721922874451,False,NONE
303,683,1765,296.31705237,19.42376350908454,21344.0,57.22252010723861,60.983870967741936,1.7298725093560592,1.8435804942444138,1.4088590827486103,True,False,-1,PV-/PNN+,0.0,0.0,296.31705237,19.42376350908454,0.1832062304019928,False,NONE
304,1165,2712,296.31705237,19.42376350908454,66624.0,178.6166219839142,142.25,5.399692000718613,4.3003063128771775,1.8668579112015793,True,False,-1,PV-/PNN+,0.0,0.0,296.31705237,19.42376350908454,0.30424296855926514,False,NONE
305,635,1544,296.31705237,19.42376350908454,38980.0,104.50402144772119,88.00806451612904,3.1592218147816333,2.660538737594458,1.461494769003653,True,False,-1,PV-/PNN+,0.0,0.0,296.31705237,19.42376350908454,0.416911780834198,False,NONE
306,863,1769,296.31705237,19.42376350908454,30849.0,82.70509383378015,73.8225806451613,2.5002266229912418,2.2317027035590273,1.3321613684912623,True,False,-1,PV-/PNN+,0.0,0.0,296.31705237,19.42376350908454,0.24956883490085602,False,NONE
307,1169,90,296.31705237,19.42376350908454,45021.0,120.69973190348526,114.85483870967742,3.6488282535475607,3.4721334830770885,1.3794651280867034,True,False,-1,PV-/PNN+,0.0,0.0,296.31705237,19.42376350908454,0.5507960319519043,False,NONE
308,532,1200,296.31705237,19.42376350908454,21695.0,58.16353887399464,62.403225806451616,1.758320094194139,1.8864884771837178,1.5109859856902128,True,False,-1,PV-/PNN+,0.0,0.0,296.31705237,19.42376350908454,0.07520006597042084,False,NONE
309,479,1749,296.31705237,19.42376350908454,47227.0,126.61394101876675,114.45161290322581,3.827618487601134,3.459943715196604,1.5090719607354839,True,False,-1,PV-/PNN+,0.0,0.0,296.31705237,19.42376350908454,1.1267707347869873,False,NONE
310,1751,1784,296.31705237,19.42376350908454,9758.0,26.160857908847184,27.838709677419356,0.7908590679486706,0.8415815744686216,0.664850239631877,True,False,-1,PV-/PNN+,0.0,0.0,296.31705237,19.42376350908454,0.11710959672927856,False,NONE
311,1200,1039,296.31705237,19.42376350908454,12841.0,34.42627345844504,40.36290322580645,1.0407277404723179,1.2201957648364574,1.3078259083525674,True,False,-1,PV-/PNN+,0.0,0.0,296.31705237,19.42376350908454,0.12232093513011932,False,NONE
312,225,1623,108.04053384,11.728660627684029,2890.0,21.25,0.0,0.0,0.0,4.0762327996353385,False,True,1,PV+/PNN-,108.04053384,11.728660627684029,0.0,0.0,0.0,False,NONE
313,225,1550,81.03040038,10.157318055940708,1999.0,19.598039215686274,0.0,0.0,0.0,2.842226531251574,False,True,2,PV+/PNN-,81.03040038,10.157318055940708,0.0,0.0,0.0,False,NONE
314,228,1651,96.91871418,11.108588547554572,2508.0,20.557377049180328,0.0,0.0,0.0,3.0517637473883092,False,True,3,PV+/PNN-,96.91871418,11.108588547554572,0.0,0.0,0.0,False,NONE
315,258,1735,69.90858072,9.434530697868027,2444.0,27.772727272727273,0.0,0.0,0.0,4.879303258375514,False,True,4,PV+/PNN-,69.90858072,9.434530697868027,0.0,0.0,0.0,False,NONE
316,258,1193,39.7207845,7.111545090435939,627.0,12.54,0.0,0.0,0.0,0.7945035557438437,False,True,5,PV+/PNN-,39.7207845,7.111545090435939,0.0,0.0,0.0,False,NONE
317,277,1076,62.75883951,8.93907356753593,1251.0,15.835443037974683,0.0,0.0,0.0,0.8391597654141115,False,True,6,PV+/PNN-,62.75883951,8.93907356753593,0.0,0.0,0.0,False,NONE
318,296,1154,76.26390624,9.854045933561641,1557.0,16.21875,0.0,0.0,0.0,0.9248172674302203,False,True,7,PV+/PNN-,76.26390624,9.854045933561641,0.0,0.0,0.0,False,NONE
319,309,1089,66.73091796,9.217615939230159,1490.0,17.738095238095237,0.0,0.0,0.0,0.9998680820267977,False,True,8,PV+/PNN-,66.73091796,9.217615939230159,0.0,0.0,0.0,False,NONE
320,349,1168,64.34767089,9.051519164690074,1314.0,16.22222222222222,0.0,0.0,0.0,1.103004983964258,False,True,9,PV+/PNN-,64.34767089,9.051519164690074,0.0,0.0,0.0,False,NONE
321,394,614,81.03040038,10.157318055940708,2304.0,22.58823529411765,0.0,0.0,0.0,1.7898277892490124,False,True,10,PV+/PNN-,81.03040038,10.157318055940708,0.0,0.0,0.0,False,NONE
322,450,551,176.36028318,14.984955344126572,4969.0,22.382882882882882,0.0,0.0,0.0,3.1019718097713818,False,True,11,PV+/PNN-,176.36028318,14.984955344126572,0.0,0.0,0.0,False,NONE
323,469,474,158.08872231,14.187487896796528,4170.0,20.954773869346734,0.0,0.0,0.0,3.273679993235627,False,True,12,PV+/PNN-,158.08872231,14.187487896796528,0.0,0.0,0.0,False,NONE
324,547,604,143.78923989,13.53063732184699,5769.0,31.87292817679558,0.0,0.0,0.0,3.9443718680323308,False,True,15,PV+/PNN-,143.78923989,13.53063732184699,0.0,0.0,0.0,False,NONE
325,562,517,128.69534178,12.800781162784691,7041.0,43.46296296296296,0.0,0.0,0.0,4.361654411475102,False,True,16,PV+/PNN-,128.69534178,12.800781162784691,0.0,0.0,0.0,False,NONE
326,584,2262,155.70547524,14.080140922851225,9128.0,46.57142857142857,0.0,0.0,0.0,2.8981344173032784,False,True,18,PV+/PNN-,155.70547524,14.080140922851225,0.0,0.0,0.0,False,NONE
327,609,2284,218.46431475,16.67805158443783,11393.0,41.42909090909091,0.0,0.0,0.0,1.9085145514565618,False,True,19,PV+/PNN-,218.46431475,16.67805158443783,0.0,0.0,0.0,False,NONE
328,673,2247,243.88561683,17.621714211168094,13614.0,44.34527687296417,0.0,0.0,0.0,1.6632373634583524,False,True,20,PV+/PNN-,243.88561683,17.621714211168094,0.0,0.0,0.0,False,NONE
329,689,2254,193.04301267,15.677691078926612,9361.0,38.522633744855966,0.0,0.0,0.0,1.7896549663712313,False,True,21,PV+/PNN-,193.04301267,15.677691078926612,0.0,0.0,0.0,False,NONE
330,708,2338,175.56586749,14.951167352217068,8103.0,36.665158371040725,0.0,0.0,0.0,1.4119410712180542,False,True,22,PV+/PNN-,175.56586749,14.951167352217068,0.0,0.0,0.0,False,NONE
331,727,2263,197.01509112,15.838162927675212,6326.0,25.508064516129032,0.0,0.0,0.0,1.5479478362560706,False,True,23,PV+/PNN-,197.01509112,15.838162927675212,0.0,0.0,0.0,False,NONE
332,821,2683,26.21571777,5.777446543100188,1521.0,46.09090909090909,0.0,0.0,0.0,1.1311638907777912,False,True,25,PV+/PNN-,26.21571777,5.777446543100188,0.0,0.0,0.0,False,NONE
333,825,112,27.01013346,5.864330313842014,1519.0,44.6764705882353,0.0,0.0,0.0,1.2358810879954074,False,True,26,PV+/PNN-,27.01013346,5.864330313842014,0.0,0.0,0.0,False,NONE
334,828,148,38.92636881,7.040070461425612,1750.0,35.714285714285715,0.0,0.0,0.0,1.2124343643624453,False,True,27,PV+/PNN-,38.92636881,7.040070461425612,0.0,0.0,0.0,False,NONE
335,845,1489,34.95429036,6.671220633775133,1819.0,41.34090909090909,0.0,0.0,0.0,1.1427536847406785,False,True,28,PV+/PNN-,34.95429036,6.671220633775133,0.0,0.0,0.0,False,NONE
336,846,104,43.69286295,7.4586514150102134,2671.0,48.56363636363636,0.0,0.0,0.0,1.3759403392739689,False,True,29,PV+/PNN-,43.69286295,7.4586514150102134,0.0,0.0,0.0,False,NONE
337,856,181,51.63701985,8.108408946599484,2795.0,43.0,0.0,0.0,0.0,1.260755617735121,False,True,30,PV+/PNN-,51.63701985,8.108408946599484,0.0,0.0,0.0,False,NONE
338,861,1459,62.75883951,8.93907356753593,3617.0,45.78481012658228,0.0,0.0,0.0,1.0683149321233496,False,True,31,PV+/PNN-,62.75883951,8.93907356753593,0.0,0.0,0.0,False,NONE
339,873,89,75.46949055,9.802588422925686,3723.0,39.189473684210526,0.0,0.0,0.0,1.3296299625548955,False,True,32,PV+/PNN-,75.46949055,9.802588422925686,0.0,0.0,0.0,False,NONE
340,912,1609,42.104031570000004,7.321783798208037,1575.0,29.71698113207547,0.0,0.0,0.0,1.2007901246982304,False,True,34,PV+/PNN-,42.104031570000004,7.321783798208037,0.0,0.0,0.0,False,NONE
341,993,2275,82.61923176,10.256416188536388,1796.0,17.26923076923077,0.0,0.0,0.0,1.8809344079153405,False,True,36,PV+/PNN-,82.61923176,10.256416188536388,0.0,0.0,0.0,False,NONE
342,1005,2748,65.14208658,9.10722134683339,5005.0,61.03658536585366,0.0,0.0,0.0,2.576496001320286,False,True,37,PV+/PNN-,65.14208658,9.10722134683339,0.0,0.0,0.0,False,NONE
343,1027,2753,142.20040851,13.455674765407588,18105.0,101.14525139664805,0.0,0.0,0.0,3.5024227860940518,False,True,39,PV+/PNN-,142.20040851,13.455674765407588,0.0,0.0,0.0,False,NONE
344,1045,2598,112.01261229,11.942314996545514,3766.0,26.70921985815603,0.0,0.0,0.0,2.285014186759532,False,True,40,PV+/PNN-,112.01261229,11.942314996545514,0.0,0.0,0.0,False,NONE
345,1049,2172,195.42625974,15.774170088491289,6678.0,27.146341463414632,0.0,0.0,0.0,1.897597907803194,False,True,41,PV+/PNN-,195.42625974,15.774170088491289,0.0,0.0,0.0,False,NONE
346,1049,2746,84.20806314000001,10.354565948189398,9198.0,86.77358490566037,0.0,0.0,0.0,4.496227766598423,False,True,43,PV+/PNN-,84.20806314000001,10.354565948189398,0.0,0.0,0.0,False,NONE
347,1053,2568,185.89327146,15.384624282804584,9068.0,38.75213675213675,0.0,0.0,0.0,4.202518725783736,False,True,44,PV+/PNN-,185.89327146,15.384624282804584,0.0,0.0,0.0,False,NONE
348,1094,136,1066.1058559800001,36.843020162677576,87710.0,65.35767511177347,0.0,0.0,0.0,0.8535408262110571,False,True,45,PV+/PNN-,1066.1058559800001,36.843020162677576,0.0,0.0,0.0,False,NONE
349,1079,1056,141.40599282,13.418036440588484,5721.0,32.140449438202246,0.0,0.0,0.0,1.3121209434837247,False,True,46,PV+/PNN-,141.40599282,13.418036440588484,0.0,0.0,0.0,False,NONE
350,1081,1177,128.69534178,12.800781162784691,11688.0,72.14814814814815,0.0,0.0,0.0,1.3220950150256516,False,True,47,PV+/PNN-,128.69534178,12.800781162784691,0.0,0.0,0.0,False,NONE
351,1092,1171,134.25625161,13.074416571218995,8039.0,47.56804733727811,0.0,0.0,0.0,1.3294933827344173,False,True,48,PV+/PNN-,134.25625161,13.074416571218995,0.0,0.0,0.0,False,NONE
352,1103,2371,261.36276201,18.242187481558705,11354.0,34.51063829787234,0.0,0.0,0.0,1.9726886144952218,False,True,49,PV+/PNN-,261.36276201,18.242187481558705,0.0,0.0,0.0,False,NONE
353,1107,1129,127.90092609,12.761211420003875,3385.0,21.024844720496894,0.0,0.0,0.0,1.3502613870848938,False,True,51,PV+/PNN-,127.90092609,12.761211420003875,0.0,0.0,0.0,False,NONE
354,1151,2653,108.04053384,11.728660627684029,7626.0,56.0735294117647,0.0,0.0,0.0,3.0465818689207174,False,True,53,PV+/PNN-,108.04053384,11.728660627684029,0.0,0.0,0.0,False,NONE
355,1152,2700,109.62936522,11.814586030086609,10277.0,74.47101449275362,0.0,0.0,0.0,5.568442485490493,False,True,54,PV+/PNN-,109.62936522,11.814586030086609,0.0,0.0,0.0,False,NONE
356,1169,2257,186.68768715,15.41746236559462,4417.0,18.795744680851065,0.0,0.0,0.0,2.3414342901363105,False,True,56,PV+/PNN-,186.68768715,15.41746236559462,0.0,0.0,0.0,False,NONE
357,1165,2823,61.96442382,8.88231697105848,7466.0,95.71794871794872,0.0,0.0,0.0,3.526506846122818,False,True,57,PV+/PNN-,61.96442382,8.88231697105848,0.0,0.0,0.0,False,NONE
358,1266,145,145.37807127,13.6051868520168,11696.0,63.91256830601093,0.0,0.0,0.0,1.4261906459510905,False,True,60,PV+/PNN-,145.37807127,13.6051868520168,0.0,0.0,0.0,False,NONE
359,1272,195,144.58365558,13.56796328882212,7296.0,40.08791208791209,0.0,0.0,0.0,1.525649910784899,False,True,61,PV+/PNN-,144.58365558,13.56796328882212,0.0,0.0,0.0,False,NONE
360,1281,2677,100.09637694,11.289227848029503,17585.0,139.56349206349208,0.0,0.0,0.0,4.4232172711883715,False,True,63,PV+/PNN-,100.09637694,11.289227848029503,0.0,0.0,0.0,False,NONE
361,1289,160,101.68520832,11.378472144697502,5605.0,43.7890625,0.0,0.0,0.0,1.54100797979039,False,True,64,PV+/PNN-,101.68520832,11.378472144697502,0.0,0.0,0.0,False,NONE
362,1293,197,141.40599282,13.418036440588484,7603.0,42.71348314606742,0.0,0.0,0.0,1.5582152427091653,False,True,65,PV+/PNN-,141.40599282,13.418036440588484,0.0,0.0,0.0,False,NONE
363,1297,186,112.01261229,11.942314996545514,5562.0,39.4468085106383,0.0,0.0,0.0,1.6003779323220844,False,True,66,PV+/PNN-,112.01261229,11.942314996545514,0.0,0.0,0.0,False,NONE
364,1608,1647,92.94663573,10.878572156378345,3174.0,27.128205128205128,0.0,0.0,0.0,1.389071476775852,False,True,67,PV+/PNN-,92.94663573,10.878572156378345,0.0,0.0,0.0,False,NONE
365,1742,1822,337.62666825,20.733538660177615,7754.0,18.244705882352942,0.0,0.0,0.0,1.4077045557633125,False,True,68,PV+/PNN-,337.62666825,20.733538660177615,0.0,0.0,0.0,False,NONE
366,1750,2116,63.5532552,8.995472067506276,1513.0,18.9125,0.0,0.0,0.0,1.1244418102793168,False,True,69,PV+/PNN-,63.5532552,8.995472067506276,0.0,0.0,0.0,False,NONE
367,1756,2278,100.09637694,11.289227848029503,6811.0,54.05555555555556,0.0,0.0,0.0,1.56101647131243,False,True,70,PV+/PNN-,100.09637694,11.289227848029503,0.0,0.0,0.0,False,NONE
368,1759,164,110.42378091,11.857315232959936,3037.0,21.848920863309353,0.0,0.0,0.0,1.3772343939668037,False,True,71,PV+/PNN-,110.42378091,11.857315232959936,0.0,0.0,0.0,False,NONE
369,1758,2431,77.05832193,9.90523612702942,5871.0,60.52577319587629,0.0,0.0,0.0,1.2822374524960858,False,True,72,PV+/PNN-,77.05832193,9.90523612702942,0.0,0.0,0.0,False,NONE
370,1761,2072,67.52533365000001,9.272320371655413,2857.0,33.61176470588235,0.0,0.0,0.0,1.3054743919796148,False,True,73,PV+/PNN-,67.52533365000001,9.272320371655413,0.0,0.0,0.0,False,NONE
371,1762,2335,80.23598469,10.107404643036364,5143.0,50.92079207920792,0.0,0.0,0.0,1.597509659739906,False,True,74,PV+/PNN-,80.23598469,10.107404643036364,0.0,0.0,0.0,False,NONE
372,1765,2396,152.52781248,13.93572540349032,10198.0,53.114583333333336,0.0,0.0,0.0,1.4581409529557465,False,True,75,PV+/PNN-,152.52781248,13.93572540349032,0.0,0.0,0.0,False,NONE
373,1763,2169,83.41364745,10.305607915302103,2281.0,21.723809523809525,0.0,0.0,0.0,1.1471467685475631,False,True,76,PV+/PNN-,83.41364745,10.305607915302103,0.0,0.0,0.0,False,NONE
374,1765,98,88.18014159,10.595963539609496,2986.0,26.9009009009009,0.0,0.0,0.0,1.2326111323484328,False,True,77,PV+/PNN-,88.18014159,10.595963539609496,0.0,0.0,0.0,False,NONE
375,1764,2418,95.32988280000001,11.017158280424603,6915.0,57.625,0.0,0.0,0.0,1.5638495320589136,False,True,78,PV+/PNN-,95.32988280000001,11.017158280424603,0.0,0.0,0.0,False,NONE
376,1765,2236,83.41364745,10.305607915302103,3585.0,34.142857142857146,0.0,0.0,0.0,1.1884285108534662,False,True,79,PV+/PNN-,83.41364745,10.305607915302103,0.0,0.0,0.0,False,NONE
377,1768,2382,88.97455728,10.643586087602236,4119.0,36.776785714285715,0.0,0.0,0.0,1.457002669620106,False,True,80,PV+/PNN-,88.97455728,10.643586087602236,0.0,0.0,0.0,False,NONE
378,1768,2351,104.06845539,11.51104134134072,9014.0,68.80916030534351,0.0,0.0,0.0,1.5539878854910012,False,True,81,PV+/PNN-,104.06845539,11.51104134134072,0.0,0.0,0.0,False,NONE
379,1776,2282,160.47196938,14.294028726574819,6288.0,31.128712871287128,0.0,0.0,0.0,1.4515930062428035,False,True,82,PV+/PNN-,160.47196938,14.294028726574819,0.0,0.0,0.0,False,NONE
380,1772,2075,45.28169433,7.593052342343362,2303.0,40.40350877192982,0.0,0.0,0.0,1.3285563816404387,False,True,83,PV+/PNN-,45.28169433,7.593052342343362,0.0,0.0,0.0,False,NONE
381,1776,2415,154.91105955,14.044176264056345,9192.0,47.13846153846154,0.0,0.0,0.0,1.5842475694335951,False,True,84,PV+/PNN-,154.91105955,14.044176264056345,0.0,0.0,0.0,False,NONE
382,1776,2205,58.78676106,8.651568001725998,1702.0,23.0,0.0,0.0,0.0,1.0874359113934924,False,True,85,PV+/PNN-,58.78676106,8.651568001725998,0.0,0.0,0.0,False,NONE
383,1780,2175,75.46949055,9.802588422925686,2771.0,29.16842105263158,0.0,0.0,0.0,1.1664456635574436,False,True,86,PV+/PNN-,75.46949055,9.802588422925686,0.0,0.0,0.0,False,NONE
384,1783,2355,127.90092609,12.761211420003875,5846.0,36.31055900621118,0.0,0.0,0.0,1.3575464004329942,False,True,87,PV+/PNN-,127.90092609,12.761211420003875,0.0,0.0,0.0,False,NONE
385,1784,2440,142.20040851,13.455674765407588,5340.0,29.83240223463687,0.0,0.0,0.0,1.1916898091940311,False,True,88,PV+/PNN-,142.20040851,13.455674765407588,0.0,0.0,0.0,False,NONE
386,1786,2407,113.60144367,12.026714032504808,7085.0,49.54545454545455,0.0,0.0,0.0,1.7245613416776162,False,True,89,PV+/PNN-,113.60144367,12.026714032504808,0.0,0.0,0.0,False,NONE
387,1787,2188,95.32988280000001,11.017158280424603,4541.0,37.84166666666667,0.0,0.0,0.0,1.025426337189717,False,True,90,PV+/PNN-,95.32988280000001,11.017158280424603,0.0,0.0,0.0,False,NONE
388,1792,2395,135.05066730000001,13.113041224263421,12544.0,73.78823529411764,0.0,0.0,0.0,1.3471703801425667,False,True,91,PV+/PNN-,135.05066730000001,13.113041224263421,0.0,0.0,0.0,False,NONE
389,1791,2086,124.72326333,12.60169000650996,4825.0,30.73248407643312,0.0,0.0,0.0,1.3635503327852365,False,True,92,PV+/PNN-,124.72326333,12.60169000650996,0.0,0.0,0.0,False,NONE
390,1796,2152,223.23080889,16.859012233282403,5866.0,20.87544483985765,0.0,0.0,0.0,1.140765684495087,False,True,93,PV+/PNN-,223.23080889,16.859012233282403,0.0,0.0,0.0,False,NONE
391,1797,2239,240.70795407,17.50653837439656,15121.0,49.9042904290429,0.0,0.0,0.0,1.268481911658204,False,True,94,PV+/PNN-,240.70795407,17.50653837439656,0.0,0.0,0.0,False,NONE
392,1794,2043,65.93650227,9.1625849044734,2178.0,26.240963855421686,0.0,0.0,0.0,1.2109798694426868,False,True,95,PV+/PNN-,65.93650227,9.1625849044734,0.0,0.0,0.0,False,NONE
393,1799,2212,187.48210284,15.45023065413564,6095.0,25.826271186440678,0.0,0.0,0.0,1.0603089978555298,False,True,96,PV+/PNN-,187.48210284,15.45023065413564,0.0,0.0,0.0,False,NONE
394,1800,2114,60.37559244,8.767701627645716,1567.0,20.61842105263158,0.0,0.0,0.0,1.1366537931812641,False,True,97,PV+/PNN-,60.37559244,8.767701627645716,0.0,0.0,0.0,False,NONE
395,1802,2065,96.12429849,11.062967867954534,3825.0,31.611570247933884,0.0,0.0,0.0,1.4489349688874986,False,True,98,PV+/PNN-,96.12429849,11.062967867954534,0.0,0.0,0.0,False,NONE
396,1805,2261,202.57600095,16.06012998776311,6751.0,26.474509803921567,0.0,0.0,0.0,0.8803152992485086,False,True,99,PV+/PNN-,202.57600095,16.06012998776311,0.0,0.0,0.0,False,NONE
397,1808,2047,107.24611815,11.68546099424064,3868.0,28.651851851851852,0.0,0.0,0.0,1.2182161209879219,False,True,100,PV+/PNN-,107.24611815,11.68546099424064,0.0,0.0,0.0,False,NONE
398,1813,2178,97.71312987,11.154022637162193,2793.0,22.70731707317073,0.0,0.0,0.0,0.9253743784611598,False,True,102,PV+/PNN-,97.71312987,11.154022637162193,0.0,0.0,0.0,False,NONE
399,1810,2822,47.664941400000004,7.7903073294937615,2531.0,42.18333333333333,0.0,0.0,0.0,0.8065723945238635,False,True,103,PV+/PNN-,47.664941400000004,7.7903073294937615,0.0,0.0,0.0,False,NONE
400,1816,2416,136.63949868,13.189951216443678,10226.0,59.45348837209303,0.0,0.0,0.0,1.1530227812519809,False,True,104,PV+/PNN-,136.63949868,13.189951216443678,0.0,0.0,0.0,False,NONE
401,1821,2371,162.06080076,14.36461695204847,7140.0,35.0,0.0,0.0,0.0,0.9466589159058673,False,True,105,PV+/PNN-,162.06080076,14.36461695204847,0.0,0.0,0.0,False,NONE
402,1822,2033,57.19792968,8.533854108523126,3126.0,43.416666666666664,0.0,0.0,0.0,1.061689514744706,False,True,106,PV+/PNN-,57.19792968,8.533854108523126,0.0,0.0,0.0,False,NONE
403,1836,2091,199.39833819,15.933670303416713,4233.0,16.86454183266932,0.0,0.0,0.0,1.0046642910139434,False,True,108,PV+/PNN-,199.39833819,15.933670303416713,0.0,0.0,0.0,False,NONE
404,1837,2176,131.07858885,12.91876320674319,4352.0,26.375757575757575,0.0,0.0,0.0,0.90214956207114,False,True,109,PV+/PNN-,131.07858885,12.91876320674319,0.0,0.0,0.0,False,NONE
405,1841,2241,184.30444008,15.318736938146312,4597.0,19.814655172413794,0.0,0.0,0.0,0.6405159580799766,False,True,110,PV+/PNN-,184.30444008,15.318736938146312,0.0,0.0,0.0,False,NONE
406,1839,2104,117.57352212,12.235164803834003,2808.0,18.972972972972972,0.0,0.0,0.0,1.1277496001238596,False,True,111,PV+/PNN-,117.57352212,12.235164803834003,0.0,0.0,0.0,False,NONE
407,1850,2421,95.32988280000001,11.017158280424603,7156.0,59.63333333333333,0.0,0.0,0.0,0.9825054668804913,False,True,112,PV+/PNN-,95.32988280000001,11.017158280424603,0.0,0.0,0.0,False,NONE
408,1854,2095,224.81964027,16.918902341017805,5351.0,18.908127208480565,0.0,0.0,0.0,0.9465626354169773,False,True,113,PV+/PNN-,224.81964027,16.918902341017805,0.0,0.0,0.0,False,NONE
409,1850,2036,69.11416503,9.380772250595795,1768.0,20.32183908045977,0.0,0.0,0.0,1.166439493552188,False,True,114,PV+/PNN-,69.11416503,9.380772250595795,0.0,0.0,0.0,False,NONE
410,1858,2079,157.29430662000001,14.151796046802042,3590.0,18.13131313131313,0.0,0.0,0.0,1.1095296087137352,False,True,115,PV+/PNN-,157.29430662000001,14.151796046802042,0.0,0.0,0.0,False,NONE
411,1859,2067,115.98469074,12.152213577535832,3527.0,24.15753424657534,0.0,0.0,0.0,1.131671936540548,False,True,116,PV+/PNN-,115.98469074,12.152213577535832,0.0,0.0,0.0,False,NONE
412,1864,2046,193.04301267,15.677691078926612,3683.0,15.156378600823045,0.0,0.0,0.0,1.17057872917668,False,True,117,PV+/PNN-,193.04301267,15.677691078926612,0.0,0.0,0.0,False,NONE
413,1860,2027,65.14208658,9.10722134683339,1588.0,19.365853658536587,0.0,0.0,0.0,1.1256234039077282,False,True,118,PV+/PNN-,65.14208658,9.10722134683339,0.0,0.0,0.0,False,NONE
414,1869,2163,207.34249509,16.247974152264163,4160.0,15.938697318007662,0.0,0.0,0.0,0.590448936267121,False,True,119,PV+/PNN-,207.34249509,16.247974152264163,0.0,0.0,0.0,False,NONE
415,1866,2719,74.67507486,9.75085936304132,4217.0,44.861702127659576,0.0,0.0,0.0,1.390430047641187,False,True,120,PV+/PNN-,74.67507486,9.75085936304132,0.0,0.0,0.0,False,NONE
416,1870,2032,82.61923176,10.256416188536388,1778.0,17.096153846153847,0.0,0.0,0.0,1.2032880701314508,False,True,121,PV+/PNN-,82.61923176,10.256416188536388,0.0,0.0,0.0,False,NONE
417,1873,2176,89.76897297000001,10.690996505268625,1760.0,15.575221238938052,0.0,0.0,0.0,0.7116748880502809,False,True,122,PV+/PNN-,89.76897297000001,10.690996505268625,0.0,0.0,0.0,False,NONE
418,1873,19,115.98469074,12.152213577535832,3645.0,24.965753424657535,0.0,0.0,0.0,1.3167911113450204,False,True,123,PV+/PNN-,115.98469074,12.152213577535832,0.0,0.0,0.0,False,NONE
419,1886,2022,77.85273762,9.956163126610313,1807.0,18.43877551020408,0.0,0.0,0.0,1.1208513394148958,False,True,124,PV+/PNN-,77.85273762,9.956163126610313,0.0,0.0,0.0,False,NONE
420,1899,2127,188.27651853,15.482929591568213,4367.0,18.426160337552744,0.0,0.0,0.0,0.869928956812629,False,True,125,PV+/PNN-,188.27651853,15.482929591568213,0.0,0.0,0.0,False,NONE
421,1906,2114,136.63949868,13.189951216443678,3106.0,18.058139534883722,0.0,0.0,0.0,1.0812738707189442,False,True,126,PV+/PNN-,136.63949868,13.189951216443678,0.0,0.0,0.0,False,NONE
422,1906,2011,112.80702798,11.984588810142046,2009.0,14.147887323943662,0.0,0.0,0.0,1.078079369697074,False,True,127,PV+/PNN-,112.80702798,11.984588810142046,0.0,0.0,0.0,False,NONE
423,1911,2097,157.29430662000001,14.151796046802042,3334.0,16.838383838383837,0.0,0.0,0.0,1.1793259234680114,False,True,128,PV+/PNN-,157.29430662000001,14.151796046802042,0.0,0.0,0.0,False,NONE
424,1908,1997,83.41364745,10.305607915302103,2061.0,19.62857142857143,0.0,0.0,0.0,1.131119739181742,False,True,129,PV+/PNN-,83.41364745,10.305607915302103,0.0,0.0,0.0,False,NONE
425,1908,2812,81.82481607,10.206987389088184,3702.0,35.94174757281554,0.0,0.0,0.0,0.9936616750239256,False,True,130,PV+/PNN-,81.82481607,10.206987389088184,0.0,0.0,0.0,False,NONE
426,1924,2079,166.8272949,14.574330482319752,4561.0,21.71904761904762,0.0,0.0,0.0,1.527424465318411,False,True,131,PV+/PNN-,166.8272949,14.574330482319752,0.0,0.0,0.0,False,NONE
427,1928,2100,127.1065104,12.72151859781572,2670.0,16.6875,0.0,0.0,0.0,1.292725618620439,False,True,132,PV+/PNN-,127.1065104,12.72151859781572,0.0,0.0,0.0,False,NONE
428,1930,2050,81.82481607,10.206987389088184,2278.0,22.116504854368934,0.0,0.0,0.0,1.2981469416605544,False,True,133,PV+/PNN-,81.82481607,10.206987389088184,0.0,0.0,0.0,False,NONE
429,1929,2708,64.34767089,9.051519164690074,3019.0,37.27160493827161,0.0,0.0,0.0,1.2257709496452114,False,True,134,PV+/PNN-,64.34767089,9.051519164690074,0.0,0.0,0.0,False,NONE
430,1940,2814,87.3857259,10.548125988120718,2883.0,26.20909090909091,0.0,0.0,0.0,1.0602343517249215,False,True,135,PV+/PNN-,87.3857259,10.548125988120718,0.0,0.0,0.0,False,NONE
