label,centroid_y,centroid_x,area_um2,diameter_um,wfa_sum_intensity,is_pnn_plus,is_pv_plus,pv_label,cell_type,pv_area_um2,pv_diameter_um,pnn_area_um2,pnn_diameter_um,score
1,400.0,113.0,47.74250000000001,7.796642800880295,8737.0,True,True,78,PV+/PNN+,87.45750000000001,10.552456940621719,47.74250000000001,7.796642800880295,0.9857072234153748
2,273.0,252.5,45.63,7.622199185685551,15382.0,True,False,-1,PV-/PNN+,0.0,0.0,45.63,7.622199185685551,0.9688279032707214
3,472.0,17.5,45.63,7.622199185685551,4047.0,True,True,105,PV+/PNN+,92.105,10.829207185562208,45.63,7.622199185685551,0.7692630290985107
4,357.0,308.5,45.63,7.622199185685551,15598.0,True,False,-1,PV-/PNN+,0.0,0.0,45.63,7.622199185685551,0.8613003492355347
5,252.5,19.5,47.32000000000001,7.762067717874401,6371.0,True,True,38,PV+/PNN+,85.76750000000001,10.450003476223014,47.32000000000001,7.762067717874401,0.8349878191947937
6,105.5,19.5,47.32000000000001,7.762067717874401,2241.0,True,False,-1,PV-/PNN+,0.0,0.0,47.32000000000001,7.762067717874401,0.7793601751327515
7,461.0,442.5,45.63,7.622199185685551,9529.0,True,True,103,PV+/PNN+,45.63,7.622199185685551,45.63,7.622199185685551,0.9819521307945251
8,110.0,298.5,45.63,7.622199185685551,2149.0,True,True,8,PV+/PNN+,94.64000000000001,10.977221438676356,45.63,7.622199185685551,0.8381708264350891
9,268.0,89.5,45.63,7.622199185685551,4598.0,True,True,45,PV+/PNN+,70.135,9.449796583524995,45.63,7.622199185685551,0.8941330909729004
10,296.5,340.0,45.63,7.622199185685551,11822.0,True,False,-1,PV-/PNN+,0.0,0.0,45.63,7.622199185685551,0.9657924771308899
11,323.5,227.5,47.32000000000001,7.762067717874401,12346.0,True,True,57,PV+/PNN+,67.60000000000001,9.277445403994411,47.32000000000001,7.762067717874401,0.9138319492340088
12,432.5,90.5,47.32000000000001,7.762067717874401,6138.0,True,True,89,PV+/PNN+,75.20500000000001,9.785396259825553,47.32000000000001,7.762067717874401,0.9402175545692444
13,331.5,481.5,47.32000000000001,7.762067717874401,15026.0,True,False,-1,PV-/PNN+,0.0,0.0,47.32000000000001,7.762067717874401,0.9219952821731567
14,236.5,341.0,45.63,7.622199185685551,4625.0,True,True,32,PV+/PNN+,89.14750000000001,10.653925206902757,45.63,7.622199185685551,0.9075552225112915
15,310.0,120.0,47.74250000000001,7.796642800880295,8365.0,True,True,52,PV+/PNN+,67.60000000000001,9.277445403994411,47.74250000000001,7.796642800880295,0.95017009973526
16,51.0,247.5,45.63,7.622199185685551,2970.0,True,True,1,PV+/PNN+,62.53000000000001,8.922761272851007,45.63,7.622199185685551,0.7945266962051392
17,418.0,279.5,45.63,7.622199185685551,9698.0,True,True,84,PV+/PNN+,61.68500000000001,8.86226727857993,45.63,7.622199185685551,0.9654585719108582
18,444.0,117.5,45.63,7.622199185685551,5243.0,True,True,92,PV+/PNN+,63.79750000000001,9.01274097349089,45.63,7.622199185685551,0.9416468143463135
19,266.5,157.5,47.32000000000001,7.762067717874401,6375.0,True,True,44,PV+/PNN+,60.417500000000004,8.770743993187619,47.32000000000001,7.762067717874401,0.9078349471092224
20,154.0,227.0,47.74250000000001,7.796642800880295,2960.0,True,True,14,PV+/PNN+,84.92250000000001,10.39839820538586,47.74250000000001,7.796642800880295,0.7779977917671204
21,230.5,99.0,45.63,7.622199185685551,2709.0,True,True,30,PV+/PNN+,82.3875,10.24202240731137,45.63,7.622199185685551,0.7786822319030762
22,201.5,72.5,47.32000000000001,7.762067717874401,3391.0,True,True,24,PV+/PNN+,81.5425,10.18936384552868,47.32000000000001,7.762067717874401,0.8503855466842651
23,308.0,165.5,45.63,7.622199185685551,6840.0,True,True,53,PV+/PNN+,43.940000000000005,7.479715609277069,45.63,7.622199185685551,0.9636170268058777
24,213.5,160.0,45.63,7.622199185685551,2231.0,True,True,27,PV+/PNN+,95.48500000000001,11.026117989983467,45.63,7.622199185685551,0.7150617837905884
25,316.0,13.5,45.63,7.622199185685551,3546.0,True,True,55,PV+/PNN+,45.2075,7.586829161027343,45.63,7.622199185685551,0.6942689418792725
26,210.0,307.5,45.63,7.622199185685551,5188.0,True,True,26,PV+/PNN+,78.16250000000001,9.9759503765487,45.63,7.622199185685551,0.9403607845306396
27,447.0,258.0,47.74250000000001,7.796642800880295,5670.0,True,True,94,PV+/PNN+,74.36000000000001,9.730266828124844,47.74250000000001,7.796642800880295,0.893112063407898
28,371.0,168.5,45.63,7.622199185685551,6361.0,True,True,68,PV+/PNN+,69.29,9.392697591996637,45.63,7.622199185685551,0.8854684829711914
29,379.0,356.0,47.74250000000001,7.796642800880295,7510.0,True,False,-1,PV-/PNN+,0.0,0.0,47.74250000000001,7.796642800880295,0.9038078784942627
30,264.5,488.0,45.63,7.622199185685551,8875.0,True,True,42,PV+/PNN+,76.05000000000001,9.840216835878625,45.63,7.622199185685551,0.7180171012878418
31,293.0,372.5,45.63,7.622199185685551,7220.0,True,False,-1,PV-/PNN+,0.0,0.0,45.63,7.622199185685551,0.6462504863739014
32,321.0,423.0,47.74250000000001,7.796642800880295,15077.0,True,False,-1,PV-/PNN+,0.0,0.0,47.74250000000001,7.796642800880295,0.8328145742416382
33,432.0,371.0,47.74250000000001,7.796642800880295,6844.0,True,True,90,PV+/PNN+,56.61500000000001,8.490256581822557,47.74250000000001,7.796642800880295,0.911858856678009
34,453.5,382.0,45.63,7.622199185685551,4485.0,True,True,99,PV+/PNN+,56.61500000000001,8.490256581822557,45.63,7.622199185685551,0.8542043566703796
35,469.5,332.5,47.32000000000001,7.762067717874401,4037.0,True,True,107,PV+/PNN+,64.64250000000001,9.072231658778492,47.32000000000001,7.762067717874401,0.357712060213089
36,421.0,393.5,45.63,7.622199185685551,4669.0,True,True,85,PV+/PNN+,38.870000000000005,7.034971293747812,45.63,7.622199185685551,0.7740551829338074
37,343.5,209.0,45.63,7.622199185685551,5446.0,True,True,61,PV+/PNN+,75.62750000000001,9.812844830601293,45.63,7.622199185685551,0.4096480906009674
38,248.0,178.0,47.74250000000001,7.796642800880295,4189.0,True,True,36,PV+/PNN+,75.62750000000001,9.812844830601293,47.74250000000001,7.796642800880295,0.5905430316925049
39,238.5,450.5,47.32000000000001,7.762067717874401,4038.0,True,False,-1,PV-/PNN+,0.0,0.0,47.32000000000001,7.762067717874401,0.6957855820655823
40,312.5,390.0,45.63,7.622199185685551,9238.0,True,False,-1,PV-/PNN+,0.0,0.0,45.63,7.622199185685551,0.33629417419433594
41,472.5,567.5,47.32000000000001,7.762067717874401,13586.0,True,True,106,PV+/PNN+,99.28750000000001,11.24352130330585,47.32000000000001,7.762067717874401,0.921385645866394
42,355.5,713.0,45.63,7.622199185685551,14478.0,True,False,-1,PV-/PNN+,0.0,0.0,45.63,7.622199185685551,0.9133845567703247
43,319.5,642.0,45.63,7.622199185685551,10973.0,True,True,56,PV+/PNN+,109.85000000000001,11.826468787814798,45.63,7.622199185685551,0.9732717871665955
44,219.5,685.0,45.63,7.622199185685551,3105.0,True,True,28,PV+/PNN+,87.03500000000001,10.526937055764364,45.63,7.622199185685551,0.9256282448768616
45,227.0,861.0,47.74250000000001,7.796642800880295,7036.0,True,True,29,PV+/PNN+,30.842500000000005,6.266569289371519,47.74250000000001,7.796642800880295,0.9338162541389465
46,252.0,561.0,47.74250000000001,7.796642800880295,8964.0,True,True,39,PV+/PNN+,74.36000000000001,9.730266828124844,47.74250000000001,7.796642800880295,0.9422300457954407
47,340.5,809.0,45.63,7.622199185685551,10366.0,True,True,60,PV+/PNN+,82.81,10.268250420569165,45.63,7.622199185685551,0.9526124596595764
48,403.5,877.0,45.63,7.622199185685551,20047.0,True,True,80,PV+/PNN+,75.20500000000001,9.785396259825553,45.63,7.622199185685551,0.8902853727340698
49,344.5,539.0,45.63,7.622199185685551,7272.0,True,False,-1,PV-/PNN+,0.0,0.0,45.63,7.622199185685551,0.8314611911773682
50,232.5,809.0,45.63,7.622199185685551,3618.0,True,True,31,PV+/PNN+,93.3725,10.903465476204527,45.63,7.622199185685551,0.8410621285438538
51,456.0,696.5,45.63,7.622199185685551,6202.0,True,True,101,PV+/PNN+,50.7,8.034503402082343,45.63,7.622199185685551,0.9511604905128479
52,356.0,957.0,47.74250000000001,7.796642800880295,10907.0,True,True,64,PV+/PNN+,70.5575,9.47821708854842,47.74250000000001,7.796642800880295,0.9630813598632812
53,347.0,908.0,47.74250000000001,7.796642800880295,9235.0,True,True,62,PV+/PNN+,91.6825,10.804341005363613,47.74250000000001,7.796642800880295,0.801630973815918
54,138.5,830.0,45.63,7.622199185685551,1739.0,True,True,11,PV+/PNN+,106.04750000000001,11.619977221161072,45.63,7.622199185685551,0.858694851398468
55,186.0,986.0,47.74250000000001,7.796642800880295,2039.0,True,False,-1,PV-/PNN+,0.0,0.0,47.74250000000001,7.796642800880295,0.7309141159057617
56,444.5,816.5,47.32000000000001,7.762067717874401,14452.0,True,True,93,PV+/PNN+,43.517500000000005,7.443668577254932,47.32000000000001,7.762067717874401,0.8815631866455078
57,244.5,919.5,47.32000000000001,7.762067717874401,2918.0,True,True,35,PV+/PNN+,56.61500000000001,8.490256581822557,47.32000000000001,7.762067717874401,0.9354864358901978
58,450.5,913.0,45.63,7.622199185685551,11515.0,True,True,97,PV+/PNN+,73.93750000000001,9.702584647343,45.63,7.622199185685551,0.8751055598258972
59,336.0,971.0,47.74250000000001,7.796642800880295,8256.0,True,True,59,PV+/PNN+,54.080000000000005,8.297999432349801,47.74250000000001,7.796642800880295,0.9512502551078796
60,481.5,782.0,45.63,7.622199185685551,6745.0,True,True,111,PV+/PNN+,62.95250000000001,8.952854988211321,45.63,7.622199185685551,0.9292755126953125
61,490.0,659.5,45.63,7.622199185685551,3129.0,True,True,113,PV+/PNN+,82.3875,10.24202240731137,45.63,7.622199185685551,0.831356406211853
62,482.5,729.0,45.63,7.622199185685551,4536.0,True,True,112,PV+/PNN+,51.1225,8.067911044732915,45.63,7.622199185685551,0.891343355178833
63,482.0,988.5,45.63,7.622199185685551,9397.0,True,False,-1,PV-/PNN+,0.0,0.0,45.63,7.622199185685551,0.7537438273429871
64,295.5,680.5,47.32000000000001,7.762067717874401,4864.0,True,True,49,PV+/PNN+,79.00750000000001,10.029729474450614,47.32000000000001,7.762067717874401,0.8499484658241272
65,248.5,790.0,45.63,7.622199185685551,2761.0,True,True,37,PV+/PNN+,82.3875,10.24202240731137,45.63,7.622199185685551,0.8600067496299744
66,489.5,804.5,47.32000000000001,7.762067717874401,7897.0,True,True,115,PV+/PNN+,63.37500000000001,8.982847886254723,47.32000000000001,7.762067717874401,0.7850329279899597
67,294.5,528.0,45.63,7.622199185685551,5896.0,True,True,50,PV+/PNN+,32.11000000000001,6.394037987175715,45.63,7.622199185685551,0.8677396774291992
68,389.0,925.5,45.63,7.622199185685551,10840.0,True,True,74,PV+/PNN+,81.965,10.215727056074748,45.63,7.622199185685551,0.7706746459007263
69,157.5,683.0,45.63,7.622199185685551,2253.0,True,True,16,PV+/PNN+,56.61500000000001,8.490256581822557,45.63,7.622199185685551,0.3964371681213379
70,408.5,681.5,47.32000000000001,7.762067717874401,6396.0,True,True,82,PV+/PNN+,89.57000000000001,10.679141633199201,47.32000000000001,7.762067717874401,0.7321805953979492
71,369.5,853.0,45.63,7.622199185685551,11944.0,True,True,67,PV+/PNN+,73.0925,9.646981985240508,45.63,7.622199185685551,0.7507709264755249
72,478.0,955.0,47.74250000000001,7.796642800880295,6836.0,True,False,-1,PV-/PNN+,0.0,0.0,47.74250000000001,7.796642800880295,0.5533747673034668
73,169.0,637.0,47.74250000000001,7.796642800880295,1567.0,True,True,18,PV+/PNN+,114.07500000000002,12.051755103123515,47.74250000000001,7.796642800880295,0.49258196353912354
74,294.0,570.0,47.74250000000001,7.796642800880295,4875.0,True,False,-1,PV-/PNN+,0.0,0.0,47.74250000000001,7.796642800880295,0.8476437330245972
75,184.0,934.0,47.74250000000001,7.796642800880295,1622.0,True,True,21,PV+/PNN+,64.64250000000001,9.072231658778492,47.74250000000001,7.796642800880295,0.7740800380706787
76,234.0,547.5,45.63,7.622199185685551,4980.0,True,True,33,PV+/PNN+,84.92250000000001,10.39839820538586,45.63,7.622199185685551,0.6269586682319641
77,407.0,951.0,47.74250000000001,7.796642800880295,11797.0,True,False,-1,PV-/PNN+,0.0,0.0,47.74250000000001,7.796642800880295,0.746953010559082
78,375.5,1035.5,47.32000000000001,7.762067717874401,9822.0,True,False,-1,PV-/PNN+,0.0,0.0,47.32000000000001,7.762067717874401,0.9150322079658508
79,397.5,1151.5,47.32000000000001,7.762067717874401,9634.0,True,True,76,PV+/PNN+,91.6825,10.804341005363613,47.32000000000001,7.762067717874401,0.8523637652397156
80,316.0,1154.5,45.63,7.622199185685551,4557.0,True,True,54,PV+/PNN+,80.275,10.109861742556879,45.63,7.622199185685551,0.9293797612190247
81,348.0,1114.5,45.63,7.622199185685551,13637.0,True,False,-1,PV-/PNN+,0.0,0.0,45.63,7.622199185685551,0.9378441572189331
82,479.5,1170.0,45.63,7.622199185685551,14049.0,True,False,-1,PV-/PNN+,0.0,0.0,45.63,7.622199185685551,0.9531323909759521
83,173.0,1082.0,47.74250000000001,7.796642800880295,2380.0,True,True,19,PV+/PNN+,66.33250000000001,9.190057785517194,47.74250000000001,7.796642800880295,0.8474541306495667
84,301.5,1042.0,45.63,7.622199185685551,3075.0,True,True,51,PV+/PNN+,33.377500000000005,6.519014718835807,45.63,7.622199185685551,0.8495622873306274
85,386.5,1103.0,45.63,7.622199185685551,8360.0,True,True,73,PV+/PNN+,85.34500000000001,10.424232774905905,45.63,7.622199185685551,0.8600702285766602
86,432.0,1228.5,45.63,7.622199185685551,15646.0,True,True,91,PV+/PNN+,64.22000000000001,9.042535239792663,45.63,7.622199185685551,0.966297447681427
87,484.5,1079.5,47.32000000000001,7.762067717874401,22195.0,True,True,116,PV+/PNN+,70.135,9.449796583524995,47.32000000000001,7.762067717874401,0.7070782780647278
88,258.0,1011.0,47.74250000000001,7.796642800880295,1919.0,True,True,40,PV+/PNN+,80.6975,10.136431727253225,47.74250000000001,7.796642800880295,0.5968509912490845
89,492.0,1230.0,47.74250000000001,7.796642800880295,20236.0,True,False,-1,PV-/PNN+,0.0,0.0,47.74250000000001,7.796642800880295,0.688383936882019
90,681.5,462.0,45.63,7.622199185685551,8244.0,True,True,168,PV+/PNN+,63.79750000000001,9.01274097349089,45.63,7.622199185685551,0.9732552766799927
91,717.0,304.5,45.63,7.622199185685551,7158.0,True,True,179,PV+/PNN+,83.65500000000002,10.320506485382394,45.63,7.622199185685551,0.9582585692405701
92,795.0,250.0,47.74250000000001,7.796642800880295,7095.0,True,True,189,PV+/PNN+,66.33250000000001,9.190057785517194,47.74250000000001,7.796642800880295,0.8997815251350403
93,515.0,214.5,45.63,7.622199185685551,20847.0,True,False,-1,PV-/PNN+,0.0,0.0,45.63,7.622199185685551,0.9189593195915222
94,826.0,407.0,47.74250000000001,7.796642800880295,8837.0,True,False,-1,PV-/PNN+,0.0,0.0,47.74250000000001,7.796642800880295,0.946340799331665
95,566.5,117.5,47.32000000000001,7.762067717874401,8370.0,True,False,-1,PV-/PNN+,0.0,0.0,47.32000000000001,7.762067717874401,0.7335400581359863
96,733.0,42.0,47.74250000000001,7.796642800880295,4263.0,True,True,183,PV+/PNN+,106.04750000000001,11.619977221161072,47.74250000000001,7.796642800880295,0.9574992656707764
97,784.0,133.5,45.63,7.622199185685551,6104.0,True,True,188,PV+/PNN+,107.73750000000001,11.712200709128265,45.63,7.622199185685551,0.862646222114563
98,593.5,218.5,47.32000000000001,7.762067717874401,9058.0,True,False,-1,PV-/PNN+,0.0,0.0,47.32000000000001,7.762067717874401,0.9788966774940491
99,562.5,482.5,47.32000000000001,7.762067717874401,12264.0,True,False,-1,PV-/PNN+,0.0,0.0,47.32000000000001,7.762067717874401,0.9632644653320312
100,872.0,276.0,47.74250000000001,7.796642800880295,4850.0,True,False,-1,PV-/PNN+,0.0,0.0,47.74250000000001,7.796642800880295,0.8588451743125916
101,601.0,433.5,45.63,7.622199185685551,6661.0,True,False,-1,PV-/PNN+,0.0,0.0,45.63,7.622199185685551,0.9647991061210632
102,666.0,95.5,45.63,7.622199185685551,6386.0,True,False,-1,PV-/PNN+,0.0,0.0,45.63,7.622199185685551,0.9051675796508789
103,513.0,49.5,45.63,7.622199185685551,3513.0,True,True,119,PV+/PNN+,76.47250000000001,9.867512912824576,45.63,7.622199185685551,0.9024646878242493
104,579.0,375.0,47.74250000000001,7.796642800880295,3648.0,True,False,-1,PV-/PNN+,0.0,0.0,47.74250000000001,7.796642800880295,0.9406200051307678
105,696.0,118.0,47.74250000000001,7.796642800880295,8070.0,True,False,-1,PV-/PNN+,0.0,0.0,47.74250000000001,7.796642800880295,0.9129654765129089
106,848.0,257.0,47.74250000000001,7.796642800880295,6649.0,True,True,203,PV+/PNN+,56.61500000000001,8.490256581822557,47.74250000000001,7.796642800880295,0.7893815636634827
107,636.5,100.0,45.63,7.622199185685551,5904.0,True,True,154,PV+/PNN+,74.36000000000001,9.730266828124844,45.63,7.622199185685551,0.9558193683624268
108,701.0,255.0,47.74250000000001,7.796642800880295,6473.0,True,True,173,PV+/PNN+,94.64000000000001,10.977221438676356,47.74250000000001,7.796642800880295,0.9160529971122742
109,756.5,394.5,47.32000000000001,7.762067717874401,3964.0,True,True,185,PV+/PNN+,125.48250000000002,12.639987388135719,47.32000000000001,7.762067717874401,0.6258253455162048
110,517.5,419.5,47.32000000000001,7.762067717874401,8608.0,True,False,-1,PV-/PNN+,0.0,0.0,47.32000000000001,7.762067717874401,0.6937370896339417
111,726.5,495.5,47.32000000000001,7.762067717874401,4711.0,True,False,-1,PV-/PNN+,0.0,0.0,47.32000000000001,7.762067717874401,0.5632031559944153
112,564.0,14.5,45.63,7.622199185685551,2219.0,True,True,133,PV+/PNN+,65.91000000000001,9.160743331929707,45.63,7.622199185685551,0.3993839919567108
113,758.0,154.0,47.74250000000001,7.796642800880295,4476.0,True,True,186,PV+/PNN+,46.475,7.692451354514157,47.74250000000001,7.796642800880295,0.7851360440254211
114,546.5,398.5,47.32000000000001,7.762067717874401,6373.0,True,True,128,PV+/PNN+,74.36000000000001,9.730266828124844,47.32000000000001,7.762067717874401,0.6838471293449402
115,594.5,355.0,45.63,7.622199185685551,2845.0,True,True,140,PV+/PNN+,77.31750000000001,9.92187978661609,45.63,7.622199185685551,0.4132837951183319
116,726.0,196.0,47.74250000000001,7.796642800880295,4291.0,True,True,181,PV+/PNN+,103.51250000000002,11.480252975191728,47.74250000000001,7.796642800880295,0.5889536142349243
117,721.5,91.5,47.32000000000001,7.762067717874401,5157.0,True,False,-1,PV-/PNN+,0.0,0.0,47.32000000000001,7.762067717874401,0.76924067735672
118,519.5,492.0,45.63,7.622199185685551,3740.0,True,False,-1,PV-/PNN+,0.0,0.0,45.63,7.622199185685551,0.3182389438152313
119,651.5,490.0,45.63,7.622199185685551,4761.0,True,False,-1,PV-/PNN+,0.0,0.0,45.63,7.622199185685551,0.8929151892662048
120,605.0,604.5,45.63,7.622199185685551,15491.0,True,False,-1,PV-/PNN+,0.0,0.0,45.63,7.622199185685551,0.9494612812995911
121,752.0,972.0,47.74250000000001,7.796642800880295,9941.0,True,False,-1,PV-/PNN+,0.0,0.0,47.74250000000001,7.796642800880295,0.9621335864067078
122,953.0,779.0,47.74250000000001,7.796642800880295,6860.0,True,False,-1,PV-/PNN+,0.0,0.0,47.74250000000001,7.796642800880295,0.9312718510627747
123,709.5,651.0,45.63,7.622199185685551,9393.0,True,True,176,PV+/PNN+,72.67,9.619060126431496,45.63,7.622199185685551,0.9550555348396301
124,856.0,966.5,45.63,7.622199185685551,9053.0,True,False,-1,PV-/PNN+,0.0,0.0,45.63,7.622199185685551,0.9285455942153931
125,910.5,732.0,45.63,7.622199185685551,4701.0,True,True,213,PV+/PNN+,76.05000000000001,9.840216835878625,45.63,7.622199185685551,0.918381929397583
126,710.5,739.5,47.32000000000001,7.762067717874401,8303.0,True,False,-1,PV-/PNN+,0.0,0.0,47.32000000000001,7.762067717874401,0.8775195479393005
127,514.0,986.0,47.74250000000001,7.796642800880295,6594.0,True,True,118,PV+/PNN+,88.72500000000001,10.628648954906136,47.74250000000001,7.796642800880295,0.804216206073761
128,547.5,838.5,47.32000000000001,7.762067717874401,15851.0,True,True,130,PV+/PNN+,70.98,9.506552628860888,47.32000000000001,7.762067717874401,0.9326283931732178
129,696.0,800.0,47.74250000000001,7.796642800880295,5873.0,True,False,-1,PV-/PNN+,0.0,0.0,47.74250000000001,7.796642800880295,0.9167978763580322
130,838.5,572.0,45.63,7.622199185685551,4319.0,True,True,196,PV+/PNN+,91.6825,10.804341005363613,45.63,7.622199185685551,0.8559910655021667
131,668.5,559.5,47.32000000000001,7.762067717874401,8875.0,True,True,164,PV+/PNN+,72.67,9.619060126431496,47.32000000000001,7.762067717874401,0.8732962608337402
132,699.0,591.0,47.74250000000001,7.796642800880295,7630.0,True,False,-1,PV-/PNN+,0.0,0.0,47.74250000000001,7.796642800880295,0.9023122787475586
133,806.0,845.5,45.63,7.622199185685551,7482.0,True,True,193,PV+/PNN+,73.93750000000001,9.702584647343,45.63,7.622199185685551,0.9431326985359192
134,617.5,671.0,45.63,7.622199185685551,5505.0,True,False,-1,PV-/PNN+,0.0,0.0,45.63,7.622199185685551,0.9671974778175354
135,907.0,843.0,47.74250000000001,7.796642800880295,2905.0,True,True,210,PV+/PNN+,91.26,10.779417463505668,47.74250000000001,7.796642800880295,0.6499444246292114
136,885.5,944.0,45.63,7.622199185685551,5194.0,True,False,-1,PV-/PNN+,0.0,0.0,45.63,7.622199185685551,0.918277382850647
137,687.0,882.0,47.74250000000001,7.796642800880295,8296.0,True,False,-1,PV-/PNN+,0.0,0.0,47.74250000000001,7.796642800880295,0.6030318140983582
138,770.5,939.5,47.32000000000001,7.762067717874401,8539.0,True,True,187,PV+/PNN+,81.965,10.215727056074748,47.32000000000001,7.762067717874401,0.9549298286437988
139,848.5,934.5,47.32000000000001,7.762067717874401,8127.0,True,False,-1,PV-/PNN+,0.0,0.0,47.32000000000001,7.762067717874401,0.8424419164657593
140,669.0,864.5,45.63,7.622199185685551,4743.0,True,True,165,PV+/PNN+,92.5275,10.854016398342266,45.63,7.622199185685551,0.8579332828521729
141,734.5,841.0,45.63,7.622199185685551,4759.0,True,False,-1,PV-/PNN+,0.0,0.0,45.63,7.622199185685551,0.881227970123291
142,520.0,838.0,47.74250000000001,7.796642800880295,13727.0,True,True,122,PV+/PNN+,70.135,9.449796583524995,47.74250000000001,7.796642800880295,0.7409119606018066
143,904.0,657.0,47.74250000000001,7.796642800880295,4095.0,True,True,212,PV+/PNN+,29.152500000000003,6.092463855279885,47.74250000000001,7.796642800880295,0.6725026965141296
144,924.5,786.5,47.32000000000001,7.762067717874401,3526.0,True,True,214,PV+/PNN+,120.41250000000001,12.382001319674572,47.32000000000001,7.762067717874401,0.6767240166664124
145,749.5,578.5,47.32000000000001,7.762067717874401,4581.0,True,False,-1,PV-/PNN+,0.0,0.0,47.32000000000001,7.762067717874401,0.8003348708152771
146,726.0,511.5,45.63,7.622199185685551,3476.0,True,False,-1,PV-/PNN+,0.0,0.0,45.63,7.622199185685551,0.5306220054626465
147,956.5,970.0,45.63,7.622199185685551,2089.0,True,True,216,PV+/PNN+,103.51250000000002,11.480252975191728,45.63,7.622199185685551,0.6222726702690125
148,615.5,854.5,47.32000000000001,7.762067717874401,3977.0,True,True,148,PV+/PNN+,82.3875,10.24202240731137,47.32000000000001,7.762067717874401,0.5713480710983276
149,698.5,695.0,45.63,7.622199185685551,4060.0,True,True,172,PV+/PNN+,67.60000000000001,9.277445403994411,45.63,7.622199185685551,0.7598329186439514
150,806.0,630.0,47.74250000000001,7.796642800880295,4055.0,True,True,192,PV+/PNN+,65.91000000000001,9.160743331929707,47.74250000000001,7.796642800880295,0.7179430723190308
151,694.5,960.0,45.63,7.622199185685551,2804.0,True,True,171,PV+/PNN+,71.4025,9.534803961957083,45.63,7.622199185685551,0.8651161193847656
152,516.5,877.5,47.32000000000001,7.762067717874401,5013.0,True,True,121,PV+/PNN+,62.10750000000001,8.892565716633143,47.32000000000001,7.762067717874401,0.8280286192893982
153,887.5,903.0,45.63,7.622199185685551,2232.0,True,True,207,PV+/PNN+,89.9925,10.704298656594888,45.63,7.622199185685551,0.48083704710006714
154,702.0,1128.5,45.63,7.622199185685551,8390.0,True,True,175,PV+/PNN+,62.95250000000001,8.952854988211321,45.63,7.622199185685551,0.967303991317749
155,924.0,1107.0,47.74250000000001,7.796642800880295,8435.0,True,False,-1,PV-/PNN+,0.0,0.0,47.74250000000001,7.796642800880295,0.9130942821502686
156,966.5,1011.5,47.32000000000001,7.762067717874401,4072.0,True,True,218,PV+/PNN+,54.925000000000004,8.362576277354894,47.32000000000001,7.762067717874401,0.9171716570854187
157,749.0,1030.0,47.74250000000001,7.796642800880295,5613.0,True,False,-1,PV-/PNN+,0.0,0.0,47.74250000000001,7.796642800880295,0.8107944130897522
158,567.0,1089.0,47.74250000000001,7.796642800880295,8732.0,True,True,134,PV+/PNN+,55.347500000000004,8.394678415652944,47.74250000000001,7.796642800880295,0.9773815870285034
159,721.5,1167.0,45.63,7.622199185685551,5638.0,True,True,180,PV+/PNN+,115.34250000000002,12.118524340389614,45.63,7.622199185685551,0.885600209236145
160,818.0,1008.0,47.74250000000001,7.796642800880295,7332.0,True,True,195,PV+/PNN+,74.36000000000001,9.730266828124844,47.74250000000001,7.796642800880295,0.7876954674720764
161,541.5,1187.0,45.63,7.622199185685551,15198.0,True,True,127,PV+/PNN+,67.60000000000001,9.277445403994411,45.63,7.622199185685551,0.9742966890335083
162,957.5,1062.5,47.32000000000001,7.762067717874401,3214.0,True,True,217,PV+/PNN+,75.62750000000001,9.812844830601293,47.32000000000001,7.762067717874401,0.8949446678161621
163,635.0,1058.5,45.63,7.622199185685551,7593.0,True,False,-1,PV-/PNN+,0.0,0.0,45.63,7.622199185685551,0.7574933171272278
164,872.0,1128.0,47.74250000000001,7.796642800880295,5741.0,True,False,-1,PV-/PNN+,0.0,0.0,47.74250000000001,7.796642800880295,0.9441456198692322
165,531.0,1164.0,47.74250000000001,7.796642800880295,14356.0,True,True,125,PV+/PNN+,48.165000000000006,7.831065232276457,47.74250000000001,7.796642800880295,0.8720201253890991
166,552.0,1227.5,45.63,7.622199185685551,9195.0,True,False,-1,PV-/PNN+,0.0,0.0,45.63,7.622199185685551,0.8976667523384094
167,949.0,1194.5,45.63,7.622199185685551,3812.0,True,False,-1,PV-/PNN+,0.0,0.0,45.63,7.622199185685551,0.6179442405700684
168,723.5,1219.5,47.32000000000001,7.762067717874401,4770.0,True,False,-1,PV-/PNN+,0.0,0.0,47.32000000000001,7.762067717874401,0.7337902784347534
169,726.0,1011.0,47.74250000000001,7.796642800880295,4742.0,True,True,182,PV+/PNN+,97.17500000000001,11.123266281072276,47.74250000000001,7.796642800880295,0.4184844493865967
170,602.5,1018.5,47.32000000000001,7.762067717874401,7917.0,True,True,141,PV+/PNN+,95.06250000000001,11.001696879181248,47.32000000000001,7.762067717874401,0.5047729015350342
171,525.0,1111.0,47.74250000000001,7.796642800880295,5179.0,True,False,-1,PV-/PNN+,0.0,0.0,47.74250000000001,7.796642800880295,0.779693603515625
172,801.5,1095.5,47.32000000000001,7.762067717874401,2588.0,True,False,-1,PV-/PNN+,0.0,0.0,47.32000000000001,7.762067717874401,0.5090270638465881
173,1009.0,1046.5,45.63,7.622199185685551,1765.0,True,True,222,PV+/PNN+,98.86500000000001,11.219573413915606,45.63,7.622199185685551,0.5271806120872498
174,498.0,49.0,47.74250000000001,7.796642800880295,4976.0,True,True,119,PV+/PNN+,76.47250000000001,9.867512912824576,47.74250000000001,7.796642800880295,0.7121211886405945
175,818.0,992.5,45.63,7.622199185685551,8082.0,True,True,195,PV+/PNN+,74.36000000000001,9.730266828124844,45.63,7.622199185685551,0.7718492150306702
176,397.0,497.0,47.74250000000001,7.796642800880295,6279.0,True,True,77,PV+/PNN+,90.415,10.72939669493256,47.74250000000001,7.796642800880295,0.33864590525627136
177,498.5,214.5,47.32000000000001,7.762067717874401,12044.0,True,False,-1,PV-/PNN+,0.0,0.0,47.32000000000001,7.762067717874401,0.6402558088302612
178,966.5,995.5,47.32000000000001,7.762067717874401,2590.0,True,True,218,PV+/PNN+,54.925000000000004,8.362576277354894,47.32000000000001,7.762067717874401,0.3805009722709656
179,374.5,1006.0,45.63,7.622199185685551,5745.0,True,False,-1,PV-/PNN+,0.0,0.0,45.63,7.622199185685551,0.6430220007896423
180,509.5,1230.5,47.32000000000001,7.762067717874401,14439.0,True,False,-1,PV-/PNN+,0.0,0.0,47.32000000000001,7.762067717874401,0.46274876594543457
181,484.5,1004.0,45.63,7.622199185685551,5771.0,True,False,-1,PV-/PNN+,0.0,0.0,45.63,7.622199185685551,0.532372236251831
182,522.0,509.0,47.74250000000001,7.796642800880295,3521.0,True,False,-1,PV-/PNN+,0.0,0.0,47.74250000000001,7.796642800880295,0.35068365931510925
184,73.05235602094241,528.565445026178,80.6975,10.136431727253225,1766.0,False,True,2,PV+/PNN-,80.6975,10.136431727253225,0.0,0.0,0.0
185,79.42792792792793,443.47747747747746,93.79500000000002,10.928106107575758,2642.0,False,True,3,PV+/PNN-,93.79500000000002,10.928106107575758,0.0,0.0,0.0
186,84.18279569892474,266.36559139784947,39.292500000000004,7.073101498742004,646.0,False,True,4,PV+/PNN-,39.292500000000004,7.073101498742004,0.0,0.0,0.0
187,88.22916666666667,384.3125,81.12,10.162932247580734,2237.0,False,True,5,PV+/PNN-,81.12,10.162932247580734,0.0,0.0,0.0
188,95.10059171597634,549.0295857988166,71.4025,9.534803961957083,1469.0,False,True,6,PV+/PNN-,71.4025,9.534803961957083,0.0,0.0,0.0
189,97.99367088607595,838.9620253164557,66.75500000000001,9.219279028687428,1143.0,False,True,7,PV+/PNN-,66.75500000000001,9.219279028687428,0.0,0.0,0.0
191,110.19897959183673,176.99489795918367,82.81,10.268250420569165,2728.0,False,True,9,PV+/PNN-,82.81,10.268250420569165,0.0,0.0,0.0
192,125.9278350515464,476.6340206185567,81.965,10.215727056074748,3032.0,False,True,10,PV+/PNN-,81.965,10.215727056074748,0.0,0.0,0.0
194,140.79577464788733,119.2394366197183,59.995000000000005,8.740023254338977,1372.0,False,True,12,PV+/PNN-,59.995000000000005,8.740023254338977,0.0,0.0,0.0
195,141.6,796.8424242424243,69.7125,9.421290344870497,1700.0,False,True,13,PV+/PNN-,69.7125,9.421290344870497,0.0,0.0,0.0
197,157.47685185185185,493.5925925925926,91.26,10.779417463505668,3184.0,False,True,15,PV+/PNN-,91.26,10.779417463505668,0.0,0.0,0.0
199,156.03061224489795,392.11224489795916,41.405,7.260749503306075,1009.0,False,True,17,PV+/PNN-,41.405,7.260749503306075,0.0,0.0,0.0
202,181.97265625,249.328125,108.16000000000001,11.735143337793332,3766.0,False,True,20,PV+/PNN-,108.16000000000001,11.735143337793332,0.0,0.0,0.0
204,182.736,1143.08,52.81250000000001,8.200180696565521,798.0,False,True,22,PV+/PNN-,52.81250000000001,8.200180696565521,0.0,0.0,0.0
205,198.91836734693877,1171.5561224489795,82.81,10.268250420569165,2031.0,False,True,23,PV+/PNN-,82.81,10.268250420569165,0.0,0.0,0.0
207,202.9836956521739,605.0923913043479,77.74000000000001,9.948951814523555,1214.0,False,True,25,PV+/PNN-,77.74000000000001,9.948951814523555,0.0,0.0,0.0
216,241.86029411764707,303.83088235294116,57.46000000000001,8.553382035223404,4582.0,False,True,34,PV+/PNN-,57.46000000000001,8.553382035223404,0.0,0.0,0.0
223,258.3768115942029,1190.623188405797,58.30500000000001,8.616045012404687,1120.0,False,True,41,PV+/PNN-,58.30500000000001,8.616045012404687,0.0,0.0,0.0
225,266.0593607305936,619.7579908675799,92.5275,10.854016398342266,3140.0,False,True,43,PV+/PNN-,92.5275,10.854016398342266,0.0,0.0,0.0
228,280.93506493506493,277.93939393939394,97.59750000000001,11.147421067999991,17121.0,False,True,46,PV+/PNN-,97.59750000000001,11.147421067999991,0.0,0.0,0.0
229,289.8775510204082,751.3316326530612,82.81,10.268250420569165,4366.0,False,True,47,PV+/PNN-,82.81,10.268250420569165,0.0,0.0,0.0
230,288.7793427230047,1157.0234741784038,89.9925,10.704298656594888,4114.0,False,True,48,PV+/PNN-,89.9925,10.704298656594888,0.0,0.0,0.0
240,323.84615384615387,1041.7264957264956,49.432500000000005,7.933436443000028,2591.0,False,True,58,PV+/PNN-,49.432500000000005,7.933436443000028,0.0,0.0,0.0
245,351.9099099099099,445.56756756756755,46.89750000000001,7.727337934192946,5347.0,False,True,63,PV+/PNN-,46.89750000000001,7.727337934192946,0.0,0.0,0.0
247,362.90845070422534,530.4718309859155,59.995000000000005,8.740023254338977,8545.0,False,True,65,PV+/PNN-,59.995000000000005,8.740023254338977,0.0,0.0,0.0
248,371.2706270627063,374.4059405940594,128.0175,12.767025629258121,8256.0,False,True,66,PV+/PNN-,128.0175,12.767025629258121,0.0,0.0,0.0
251,375.8471074380165,1206.7148760330579,102.245,11.409749219480977,5860.0,False,True,69,PV+/PNN-,102.245,11.409749219480977,0.0,0.0,0.0
252,378.1686746987952,543.222891566265,70.135,9.449796583524995,7359.0,False,True,70,PV+/PNN-,70.135,9.449796583524995,0.0,0.0,0.0
253,381.504347826087,581.3652173913043,48.587500000000006,7.8653370162898755,5848.0,False,True,71,PV+/PNN-,48.587500000000006,7.8653370162898755,0.0,0.0,0.0
254,381.90526315789475,201.73684210526315,40.1375,7.148751795020415,3662.0,False,True,72,PV+/PNN-,40.1375,7.148751795020415,0.0,0.0,0.0
257,395.90972222222223,1121.375,60.84,8.801357503344999,8005.0,False,True,75,PV+/PNN-,60.84,8.801357503344999,0.0,0.0,0.0
261,401.28476821192055,658.3377483443709,63.79750000000001,9.01274097349089,8114.0,False,True,79,PV+/PNN-,63.79750000000001,9.01274097349089,0.0,0.0,0.0
263,404.7244094488189,273.8267716535433,53.657500000000006,8.265521814841879,7647.0,False,True,81,PV+/PNN-,53.657500000000006,8.265521814841879,0.0,0.0,0.0
265,414.1397379912664,1228.2052401746726,96.75250000000001,11.099058926413035,23745.0,False,True,83,PV+/PNN-,96.75250000000001,11.099058926413035,0.0,0.0,0.0
268,425.6837606837607,668.1623931623932,49.432500000000005,7.933436443000028,3567.0,False,True,86,PV+/PNN-,49.432500000000005,7.933436443000028,0.0,0.0,0.0
269,429.7439024390244,22.274390243902438,69.29,9.392697591996637,1695.0,False,True,87,PV+/PNN-,69.29,9.392697591996637,0.0,0.0,0.0
270,432.5086705202312,5.77456647398844,73.0925,9.646981985240508,1930.0,False,True,88,PV+/PNN-,73.0925,9.646981985240508,0.0,0.0,0.0
277,446.51485148514854,810.1782178217821,42.67250000000001,7.371045683803026,11691.0,False,True,95,PV+/PNN-,42.67250000000001,7.371045683803026,0.0,0.0,0.0
278,448.86752136752136,8.837606837606838,98.86500000000001,11.219573413915606,3489.0,False,True,96,PV+/PNN-,98.86500000000001,11.219573413915606,0.0,0.0,0.0
280,450.8529411764706,24.352941176470587,43.095000000000006,7.407446130776911,1779.0,False,True,98,PV+/PNN-,43.095000000000006,7.407446130776911,0.0,0.0,0.0
282,456.4670658682635,481.125748502994,70.5575,9.47821708854842,4219.0,False,True,100,PV+/PNN-,70.5575,9.47821708854842,0.0,0.0,0.0
284,459.58235294117645,340.3176470588235,71.825,9.562971834142516,6469.0,False,True,102,PV+/PNN-,71.825,9.562971834142516,0.0,0.0,0.0
286,461.13675213675214,809.7350427350427,49.432500000000005,7.933436443000028,5918.0,False,True,104,PV+/PNN-,49.432500000000005,7.933436443000028,0.0,0.0,0.0
290,477.0918918918919,45.71891891891892,78.16250000000001,9.9759503765487,6993.0,False,True,108,PV+/PNN-,78.16250000000001,9.9759503765487,0.0,0.0,0.0
291,477.3125,609.6079545454545,74.36000000000001,9.730266828124844,5067.0,False,True,109,PV+/PNN-,74.36000000000001,9.730266828124844,0.0,0.0,0.0
292,480.6612021857924,1185.7540983606557,77.31750000000001,9.92187978661609,21416.0,False,True,110,PV+/PNN-,77.31750000000001,9.92187978661609,0.0,0.0,0.0
296,493.04716981132077,718.0,89.57000000000001,10.679141633199201,6407.0,False,True,114,PV+/PNN-,89.57000000000001,10.679141633199201,0.0,0.0,0.0
299,497.5,1044.3947368421052,64.22000000000001,9.042535239792663,9357.0,False,True,117,PV+/PNN-,64.22000000000001,9.042535239792663,0.0,0.0,0.0
302,511.3445945945946,249.88513513513513,62.53000000000001,8.922761272851007,7407.0,False,True,120,PV+/PNN-,62.53000000000001,8.922761272851007,0.0,0.0,0.0
305,522.9897435897436,774.4153846153846,82.3875,10.24202240731137,7750.0,False,True,123,PV+/PNN-,82.3875,10.24202240731137,0.0,0.0,0.0
306,529.0446428571429,1067.642857142857,47.32000000000001,7.762067717874401,3637.0,False,True,124,PV+/PNN-,47.32000000000001,7.762067717874401,0.0,0.0,0.0
308,540.5889830508474,413.4618644067797,99.71000000000001,11.267418293714986,10667.0,False,True,126,PV+/PNN-,99.71000000000001,11.267418293714986,0.0,0.0,0.0
311,546.8265895953757,444.98265895953756,73.0925,9.646981985240508,2036.0,False,True,129,PV+/PNN-,73.0925,9.646981985240508,0.0,0.0,0.0
313,549.625,1154.05,50.7,8.034503402082343,4754.0,False,True,131,PV+/PNN-,50.7,8.034503402082343,0.0,0.0,0.0
314,559.556338028169,1126.9014084507041,59.995000000000005,8.740023254338977,4964.0,False,True,132,PV+/PNN-,59.995000000000005,8.740023254338977,0.0,0.0,0.0
317,577.6282051282051,443.03846153846155,98.86500000000001,11.219573413915606,3628.0,False,True,135,PV+/PNN-,98.86500000000001,11.219573413915606,0.0,0.0,0.0
318,578.5589519650655,521.4934497816594,96.75250000000001,11.099058926413035,6260.0,False,True,136,PV+/PNN-,96.75250000000001,11.099058926413035,0.0,0.0,0.0
319,579.8241758241758,1115.2747252747254,76.89500000000001,9.894733689817546,5544.0,False,True,137,PV+/PNN-,76.89500000000001,9.894733689817546,0.0,0.0,0.0
320,583.4711111111111,759.72,95.06250000000001,11.001696879181248,5990.0,False,True,138,PV+/PNN-,95.06250000000001,11.001696879181248,0.0,0.0,0.0
321,585.4806201550388,1206.8992248062016,54.502500000000005,8.33035043001963,5889.0,False,True,139,PV+/PNN-,54.502500000000005,8.33035043001963,0.0,0.0,0.0
324,603.5103092783505,1080.139175257732,81.965,10.215727056074748,4242.0,False,True,142,PV+/PNN-,81.965,10.215727056074748,0.0,0.0,0.0
325,603.0,776.9122807017544,48.165000000000006,7.831065232276457,2793.0,False,True,143,PV+/PNN-,48.165000000000006,7.831065232276457,0.0,0.0,0.0
326,604.5803571428571,1187.8482142857142,47.32000000000001,7.762067717874401,1906.0,False,True,144,PV+/PNN-,47.32000000000001,7.762067717874401,0.0,0.0,0.0
327,606.810606060606,393.2878787878788,55.77,8.426658258757147,2491.0,False,True,145,PV+/PNN-,55.77,8.426658258757147,0.0,0.0,0.0
328,612.2065217391304,636.6684782608696,77.74000000000001,9.948951814523555,5992.0,False,True,146,PV+/PNN-,77.74000000000001,9.948951814523555,0.0,0.0,0.0
329,613.1159420289855,796.6086956521739,58.30500000000001,8.616045012404687,3488.0,False,True,147,PV+/PNN-,58.30500000000001,8.616045012404687,0.0,0.0,0.0
331,620.8089171974523,969.140127388535,66.33250000000001,9.190057785517194,3138.0,False,True,149,PV+/PNN-,66.33250000000001,9.190057785517194,0.0,0.0,0.0
332,623.6029411764706,864.2058823529412,57.46000000000001,8.553382035223404,3131.0,False,True,150,PV+/PNN-,57.46000000000001,8.553382035223404,0.0,0.0,0.0
333,625.3892215568862,1242.5508982035929,70.5575,9.47821708854842,3553.0,False,True,151,PV+/PNN-,70.5575,9.47821708854842,0.0,0.0,0.0
334,627.9398907103825,228.4808743169399,77.31750000000001,9.92187978661609,4485.0,False,True,152,PV+/PNN-,77.31750000000001,9.92187978661609,0.0,0.0,0.0
335,631.5418994413408,356.0670391061453,75.62750000000001,9.812844830601293,2778.0,False,True,153,PV+/PNN-,75.62750000000001,9.812844830601293,0.0,0.0,0.0
337,639.9719101123595,920.3820224719101,75.20500000000001,9.785396259825553,6001.0,False,True,155,PV+/PNN-,75.20500000000001,9.785396259825553,0.0,0.0,0.0
338,642.5206611570248,373.3347107438017,102.245,11.409749219480977,5315.0,False,True,156,PV+/PNN-,102.245,11.409749219480977,0.0,0.0,0.0
339,642.0272727272727,859.3636363636364,92.95,10.878769033449206,2792.0,False,True,157,PV+/PNN-,92.95,10.878769033449206,0.0,0.0,0.0
340,641.4583333333334,251.90625,40.56,7.186278309003779,2957.0,False,True,158,PV+/PNN-,40.56,7.186278309003779,0.0,0.0,0.0
341,644.8116883116883,1066.8831168831168,65.06500000000001,9.101831188183693,7474.0,False,True,159,PV+/PNN-,65.06500000000001,9.101831188183693,0.0,0.0,0.0
342,651.7150259067357,868.5544041450777,81.5425,10.18936384552868,3761.0,False,True,160,PV+/PNN-,81.5425,10.18936384552868,0.0,0.0,0.0
343,654.1258741258741,587.7622377622378,60.417500000000004,8.770743993187619,5344.0,False,True,161,PV+/PNN-,60.417500000000004,8.770743993187619,0.0,0.0,0.0
344,658.2521367521367,1058.7649572649573,98.86500000000001,11.219573413915606,5369.0,False,True,162,PV+/PNN-,98.86500000000001,11.219573413915606,0.0,0.0,0.0
345,659.2491228070176,853.6280701754386,120.41250000000001,12.382001319674572,4568.0,False,True,163,PV+/PNN-,120.41250000000001,12.382001319674572,0.0,0.0,0.0
348,675.1565656565657,990.4545454545455,83.65500000000002,10.320506485382394,6235.0,False,True,166,PV+/PNN-,83.65500000000002,10.320506485382394,0.0,0.0,0.0
349,677.2169811320755,618.1981132075472,89.57000000000001,10.679141633199201,7093.0,False,True,167,PV+/PNN-,89.57000000000001,10.679141633199201,0.0,0.0,0.0
351,681.7558139534884,673.8837209302326,72.67,9.619060126431496,6008.0,False,True,169,PV+/PNN-,72.67,9.619060126431496,0.0,0.0,0.0
352,687.7589285714286,1145.4107142857142,47.32000000000001,7.762067717874401,3706.0,False,True,170,PV+/PNN-,47.32000000000001,7.762067717874401,0.0,0.0,0.0
356,697.4351851851852,1236.0925925925926,45.63,7.622199185685551,3284.0,False,True,174,PV+/PNN-,45.63,7.622199185685551,0.0,0.0,0.0
359,713.4664310954064,681.6925795053004,119.56750000000001,12.338479212006703,7307.0,False,True,177,PV+/PNN-,119.56750000000001,12.338479212006703,0.0,0.0,0.0
360,716.0070422535211,238.17605633802816,59.995000000000005,8.740023254338977,3226.0,False,True,178,PV+/PNN-,59.995000000000005,8.740023254338977,0.0,0.0,0.0
366,742.4301075268817,239.19354838709677,39.292500000000004,7.073101498742004,2247.0,False,True,184,PV+/PNN-,39.292500000000004,7.073101498742004,0.0,0.0,0.0
372,796.771186440678,24.322033898305083,49.855000000000004,7.967267881951225,1262.0,False,True,190,PV+/PNN-,49.855000000000004,7.967267881951225,0.0,0.0,0.0
373,807.4046242774566,801.0115606936416,73.0925,9.646981985240508,3790.0,False,True,191,PV+/PNN-,73.0925,9.646981985240508,0.0,0.0,0.0
376,808.3282051282051,820.7641025641026,82.3875,10.24202240731137,5645.0,False,True,194,PV+/PNN-,82.3875,10.24202240731137,0.0,0.0,0.0
379,839.421875,82.30729166666667,81.12,10.162932247580734,2734.0,False,True,197,PV+/PNN-,81.12,10.162932247580734,0.0,0.0,0.0
380,837.7466666666667,495.48,63.37500000000001,8.982847886254723,2581.0,False,True,198,PV+/PNN-,63.37500000000001,8.982847886254723,0.0,0.0,0.0
381,839.8709677419355,590.5913978494624,78.58500000000001,10.002876067562408,3471.0,False,True,199,PV+/PNN-,78.58500000000001,10.002876067562408,0.0,0.0,0.0
382,841.375,465.375,87.88000000000001,10.57791525733337,8720.0,False,True,200,PV+/PNN-,87.88000000000001,10.57791525733337,0.0,0.0,0.0
383,845.7165354330708,793.1889763779527,53.657500000000006,8.265521814841879,2536.0,False,True,201,PV+/PNN-,53.657500000000006,8.265521814841879,0.0,0.0,0.0
384,846.1148648648649,1026.4932432432433,62.53000000000001,8.922761272851007,4153.0,False,True,202,PV+/PNN-,62.53000000000001,8.922761272851007,0.0,0.0,0.0
386,855.0390070921986,398.5531914893617,119.14500000000001,12.316660487220997,5751.0,False,True,204,PV+/PNN-,119.14500000000001,12.316660487220997,0.0,0.0,0.0
387,864.5333333333333,613.4606060606061,69.7125,9.421290344870497,3233.0,False,True,205,PV+/PNN-,69.7125,9.421290344870497,0.0,0.0,0.0
388,884.1020408163265,793.5204081632653,82.81,10.268250420569165,4489.0,False,True,206,PV+/PNN-,82.81,10.268250420569165,0.0,0.0,0.0
390,896.9931506849315,1244.541095890411,61.68500000000001,8.86226727857993,3588.0,False,True,208,PV+/PNN-,61.68500000000001,8.86226727857993,0.0,0.0,0.0
391,899.9083969465648,1172.8473282442749,110.69500000000001,11.87186806717708,9338.0,False,True,209,PV+/PNN-,110.69500000000001,11.87186806717708,0.0,0.0,0.0
393,905.4580645161291,1079.2903225806451,65.48750000000001,9.131334770220834,3519.0,False,True,211,PV+/PNN-,65.48750000000001,9.131334770220834,0.0,0.0,0.0
397,941.5837320574162,1161.866028708134,88.30250000000001,10.603312449370561,4820.0,False,True,215,PV+/PNN-,88.30250000000001,10.603312449370561,0.0,0.0,0.0
401,970.1029411764706,1200.8529411764705,28.730000000000004,6.048154439185661,1688.0,False,True,219,PV+/PNN-,28.730000000000004,6.048154439185661,0.0,0.0,0.0
402,987.6858638743455,1167.7068062827225,80.6975,10.136431727253225,3797.0,False,True,220,PV+/PNN-,80.6975,10.136431727253225,0.0,0.0,0.0
403,988.92,875.5333333333333,95.06250000000001,11.001696879181248,2338.0,False,True,221,PV+/PNN-,95.06250000000001,11.001696879181248,0.0,0.0,0.0
405,1041.7625,1211.28125,67.60000000000001,9.277445403994411,2078.0,False,True,223,PV+/PNN-,67.60000000000001,9.277445403994411,0.0,0.0,0.0
