label,centroid_y,centroid_x,area_um2,diameter_um,wfa_sum_intensity,wfa_mean_intensity,wfa_pericellular_intensity,wfa_intensity_norm,wfa_pericellular_norm,pv_intensity_norm,is_pnn_plus,is_pv_plus,pv_label,cell_type,pv_area_um2,pv_diameter_um,pnn_area_um2,pnn_diameter_um,score
1,522.5,346.5,47.32000000000001,7.800000000000001,13252.0,118.32142857142857,81.09219858156028,0.00180546926941983,0.0012373876338072829,0.0007924563716881677,True,True,1,PV+/PNN+,95.48500000000001,11.026117989983467,47.32000000000001,7.800000000000001,0.9773682355880737
2,48.0,1050.5,45.63,7.800000000000001,10336.0,95.70370370370371,55.86033519553072,0.0014603449104097614,0.0008523740779054051,0.0008248549940934568,True,True,2,PV+/PNN+,89.14750000000001,10.653925206902757,45.63,7.800000000000001,0.9609867334365845
3,810.5,193.0,45.63,7.800000000000001,18889.0,174.89814814814815,86.46191646191646,0.0026687746722842474,0.00131932427652272,0.0006578617641153136,True,True,3,PV+/PNN+,100.9775,11.338807085778242,45.63,7.800000000000001,0.9365949630737305
4,176.0,692.5,45.63,7.800000000000001,13993.0,129.5648148148148,101.48770491803279,0.001977032346300676,0.0015486031115897274,0.0007950408833729381,True,True,4,PV+/PNN+,98.44250000000001,11.195574298917911,45.63,7.800000000000001,0.9348090291023254
5,774.5,770.0,45.63,7.800000000000001,11559.0,107.02777777777777,71.9154411764706,0.0016331392046658698,0.0010973592916223482,0.0,True,False,-1,PV-/PNN+,0.0,0.0,45.63,7.800000000000001,0.9805590510368347
6,798.0,388.5,45.63,7.800000000000001,15906.0,147.27777777777777,104.23417721518987,0.0022473148360079007,0.0015905115925107175,0.0,True,False,-1,PV-/PNN+,0.0,0.0,45.63,7.800000000000001,0.950307309627533
7,90.5,449.5,47.32000000000001,7.800000000000001,5266.0,47.017857142857146,22.031518624641834,0.0007174465116786015,0.0003361794251108848,0.0005661097123674373,True,True,7,PV+/PNN+,80.275,10.109861742556879,47.32000000000001,7.800000000000001,0.9374703764915466
8,281.0,750.0,47.74250000000001,7.800000000000001,6531.0,57.796460176991154,51.188235294117646,0.0008819174513922508,0.0007810824032061898,0.0007330409802006592,True,True,8,PV+/PNN+,106.04750000000001,11.619977221161072,47.74250000000001,7.800000000000001,0.9121435880661011
9,272.0,515.5,45.63,7.800000000000001,15028.0,139.14814814814815,63.56765676567657,0.00212326463947735,0.0009699802665091412,0.0007289174920750326,True,True,9,PV+/PNN+,86.19000000000001,10.475710780692815,45.63,7.800000000000001,0.9606179594993591
10,964.0,592.5,45.63,7.800000000000001,11864.0,109.85185185185185,83.9957264957265,0.0016762318128000586,0.0012816926298272145,0.0,True,False,-1,PV-/PNN+,0.0,0.0,45.63,7.800000000000001,0.9831721782684326
11,562.5,609.5,47.32000000000001,7.800000000000001,14089.0,125.79464285714286,67.378125,0.001919503209844249,0.0010281242847333485,0.0,True,False,-1,PV-/PNN+,0.0,0.0,47.32000000000001,7.800000000000001,0.9572613835334778
12,741.5,660.0,45.63,7.800000000000001,10113.0,93.63888888888889,62.69371727748691,0.0014288378559378788,0.0009566448047224676,0.000391472837625591,True,True,12,PV+/PNN+,85.76750000000001,10.450003476223014,45.63,7.800000000000001,0.9475464820861816
13,280.5,355.5,47.32000000000001,7.800000000000001,10210.0,91.16071428571429,49.091872791519435,0.0013910233354042006,0.0007490939618756304,0.0006111433898112772,True,True,13,PV+/PNN+,98.86500000000001,11.219573413915606,47.32000000000001,7.800000000000001,0.9434565305709839
14,803.5,603.0,45.63,7.800000000000001,8218.0,76.0925925925926,56.02981651376147,0.0011610985365467703,0.000854960197051369,0.000764354223285092,True,True,14,PV+/PNN+,110.27250000000001,11.849190170505672,45.63,7.800000000000001,0.9404518008232117
15,357.5,986.5,47.32000000000001,7.800000000000001,8757.0,78.1875,41.602977667493796,0.0011930647745479516,0.00063482074719606,0.0006234400374935966,True,True,15,PV+/PNN+,88.72500000000001,10.628648954906136,47.32000000000001,7.800000000000001,0.874813437461853
16,370.0,156.5,45.63,7.800000000000001,11511.0,106.58333333333333,46.031630170316305,0.0016263574171562268,0.0007023976527094881,0.0005151771713180757,True,True,16,PV+/PNN+,87.03500000000001,10.526937055764364,45.63,7.800000000000001,0.9011176824569702
17,68.0,792.5,45.63,7.800000000000001,9770.0,90.46296296296296,55.576530612244895,0.0013803763326918892,0.0008480434975546638,0.0006420587409419221,True,True,17,PV+/PNN+,81.965,10.215727056074748,45.63,7.800000000000001,0.9001057744026184
18,930.0,325.0,47.74250000000001,7.800000000000001,16937.0,149.8849557522124,107.1470588235294,0.002287097821808383,0.0016349593167548548,0.0,True,False,-1,PV-/PNN+,0.0,0.0,47.74250000000001,7.800000000000001,0.9696122407913208
19,567.5,234.5,47.32000000000001,7.800000000000001,15514.0,138.51785714285714,98.87700534759358,0.002113647015226324,0.0015087663896786996,0.0006187500350924476,True,True,19,PV+/PNN+,97.59750000000001,11.147421067999991,47.32000000000001,7.800000000000001,0.8381162881851196
20,957.5,248.0,45.63,7.800000000000001,24133.0,223.4537037037037,124.58847736625515,0.003409684957712729,0.0019010983042077538,0.0,True,False,-1,PV-/PNN+,0.0,0.0,45.63,7.800000000000001,0.944168210029602
21,582.0,463.5,45.63,7.800000000000001,7775.0,71.99074074074075,33.579787234042556,0.0010985082893223582,0.0005123947086906624,0.0008282842633005615,True,True,21,PV+/PNN+,73.515,9.6748232609803,45.63,7.800000000000001,0.9685153961181641
22,627.0,284.0,47.74250000000001,7.800000000000001,20569.0,182.02654867256638,89.65086206896552,0.002777547091974767,0.0013679844673680555,0.0006854319996377002,True,True,22,PV+/PNN+,79.00750000000001,10.029729474450614,47.74250000000001,7.800000000000001,0.9547138810157776
23,336.0,741.5,45.63,7.800000000000001,7735.0,71.62037037037037,56.08196721311475,0.001092856799730989,0.0008557559657147288,0.0006118397238049816,True,True,23,PV+/PNN+,95.90750000000001,11.050485131282139,45.63,7.800000000000001,0.8510915637016296
24,389.0,1108.0,47.74250000000001,7.800000000000001,16083.0,142.32743362831857,62.604046242774565,0.00217177742623512,0.0009552765124402925,0.0005932460269837244,True,True,24,PV+/PNN+,93.79500000000002,10.928106107575758,47.74250000000001,7.800000000000001,0.9689061045646667
25,875.0,616.0,47.74250000000001,7.800000000000001,15610.0,138.141592920354,55.393846153846155,0.0021079055912162047,0.0008452559114037713,0.00038589010721142334,True,True,25,PV+/PNN+,67.17750000000001,9.24840794496255,47.74250000000001,7.800000000000001,0.9840296506881714
26,515.5,131.0,45.63,7.800000000000001,6898.0,63.870370370370374,43.931372549019606,0.0009745993800315918,0.0006703497756774182,0.0,True,False,-1,PV-/PNN+,0.0,0.0,45.63,7.800000000000001,0.9459356069564819
27,424.0,352.5,45.63,7.800000000000001,21169.0,196.00925925925927,74.95588235294117,0.002990909578992283,0.0011437534501097303,0.0005471669468007303,True,True,27,PV+/PNN+,83.65500000000002,10.320506485382394,45.63,7.800000000000001,0.9392393827438354
28,342.5,961.5,47.32000000000001,7.800000000000001,9013.0,80.47321428571429,59.558394160583944,0.0012279425388832578,0.0009088028406284267,0.0,True,False,-1,PV-/PNN+,0.0,0.0,47.32000000000001,7.800000000000001,0.9642537236213684
29,641.5,1019.5,47.32000000000001,7.800000000000001,16132.0,144.03571428571428,93.34615384615384,0.002197844118192024,0.0014243710055108544,0.0003935083761130912,True,True,29,PV+/PNN+,73.93750000000001,9.702584647343,47.32000000000001,7.800000000000001,0.9589462876319885
30,430.0,518.5,45.63,7.800000000000001,7173.0,66.41666666666667,46.55652173913043,0.001013453370972254,0.0007104069846514142,0.0009499346647435455,True,True,30,PV+/PNN+,53.23500000000001,8.232916079007266,45.63,7.800000000000001,0.9680668711662292
31,491.0,674.5,45.63,7.800000000000001,15388.0,142.4814814814815,82.34177215189874,0.0021741280457996718,0.0012564549042786105,0.0,True,False,-1,PV-/PNN+,0.0,0.0,45.63,7.800000000000001,0.9408403635025024
32,468.0,488.0,47.74250000000001,7.800000000000001,17367.0,153.69026548672565,64.48113207547169,0.002345163126371033,0.0009839190062633965,0.0006777548892449327,True,True,32,PV+/PNN+,91.26,10.779417463505668,47.74250000000001,7.800000000000001,0.9710031747817993
33,274.5,448.5,47.32000000000001,7.800000000000001,7671.0,68.49107142857143,50.88859416445624,0.00104510675865677,0.0007765101726475355,0.0008266109056436631,True,True,33,PV+/PNN+,93.3725,10.903465476204527,47.32000000000001,7.800000000000001,0.9486805200576782
34,310.0,580.0,47.74250000000001,7.800000000000001,17919.0,158.57522123893804,90.0,0.002419702773158435,0.001373311970702678,0.0006228373702422146,True,True,34,PV+/PNN+,71.825,9.562971834142516,47.74250000000001,7.800000000000001,0.9749660491943359
35,237.5,988.5,47.32000000000001,7.800000000000001,5581.0,49.830357142857146,35.997518610421835,0.0007603625107630601,0.0005492869247031637,0.0006990261632967191,True,True,35,PV+/PNN+,87.03500000000001,10.526937055764364,47.32000000000001,7.800000000000001,0.695828914642334
36,178.0,1162.0,47.74250000000001,7.800000000000001,6941.0,61.424778761061944,39.18012422360248,0.0009372820441147775,0.0005978503734432362,0.000751388357745399,True,True,36,PV+/PNN+,68.02250000000001,9.306392261867519,47.74250000000001,7.800000000000001,0.9575278162956238
37,488.5,222.0,45.63,7.800000000000001,6536.0,60.51851851851852,38.65151515151515,0.000923453399229702,0.0005897843160374631,0.0006063678607920858,True,True,37,PV+/PNN+,90.415,10.72939669493256,45.63,7.800000000000001,0.8423678874969482
38,640.5,760.0,45.63,7.800000000000001,7075.0,65.50925925925925,48.6804979253112,0.0009996072214733997,0.0007428167837844083,0.0,True,False,-1,PV-/PNN+,0.0,0.0,45.63,7.800000000000001,0.9421514868736267
39,375.5,395.0,45.63,7.800000000000001,12820.0,118.70370370370371,73.71767810026385,0.0018113024140337791,0.0011248596643055444,0.0007001543508753397,True,True,39,PV+/PNN+,109.85000000000001,11.826468787814798,45.63,7.800000000000001,0.9300883412361145
40,319.0,899.5,45.63,7.800000000000001,10662.0,98.72222222222223,57.67965367965368,0.0015064045505794191,0.0008801350984917019,0.000398693497800845,True,True,40,PV+/PNN+,125.06000000000002,12.618690005883314,45.63,7.800000000000001,0.8766700625419617
41,597.5,152.0,45.63,7.800000000000001,9447.0,87.47222222222223,60.017361111111114,0.0013347405542415843,0.0009158062273763808,0.0007246058843690296,True,True,41,PV+/PNN+,81.5425,10.18936384552868,45.63,7.800000000000001,0.9461851716041565
42,381.5,624.0,45.63,7.800000000000001,8069.0,74.71296296296296,45.02958579881657,0.0011400467378189206,0.0006871074357033122,0.0006011070174272796,True,True,42,PV+/PNN+,65.48750000000001,9.131334770220834,45.63,7.800000000000001,0.9680200219154358
43,732.0,516.5,45.63,7.800000000000001,7997.0,74.04629629629629,50.25,0.0011298740565544563,0.0007667658503089952,0.0,True,False,-1,PV-/PNN+,0.0,0.0,45.63,7.800000000000001,0.8664173483848572
44,39.0,409.5,45.63,7.800000000000001,4251.0,39.361111111111114,24.42756183745583,0.0006006120563227453,0.0003727407009606444,0.0003709225790028728,True,True,44,PV+/PNN+,45.2075,7.586829161027343,45.63,7.800000000000001,0.8293787837028503
45,652.5,810.0,45.63,7.800000000000001,12044.0,111.51851851851852,74.97129186602871,0.0017016635159612195,0.0011439885842073503,0.0,True,False,-1,PV-/PNN+,0.0,0.0,45.63,7.800000000000001,0.8749250173568726
46,716.5,35.0,45.63,7.800000000000001,13747.0,127.28703703703704,89.26239067055394,0.0019422756853137565,0.001362056773793453,0.0008976428935229576,True,True,46,PV+/PNN+,78.16250000000001,9.9759503765487,45.63,7.800000000000001,0.9375793933868408
47,350.5,335.0,45.63,7.800000000000001,8520.0,78.88888888888889,47.92857142857143,0.0012037672829616065,0.0007313431209059499,0.0005550079954160653,True,True,47,PV+/PNN+,82.81,10.268250420569165,45.63,7.800000000000001,0.9528170228004456
48,961.5,24.0,45.63,7.800000000000001,14498.0,134.24074074074073,60.665594855305464,0.0020483824023917103,0.0009256976402732199,0.0,True,False,-1,PV-/PNN+,0.0,0.0,45.63,7.800000000000001,0.9420292973518372
49,865.0,680.5,45.63,7.800000000000001,8963.0,82.99074074074075,24.825059101654848,0.0012663575301860189,0.00037880612041893413,0.0003928540421938264,True,True,49,PV+/PNN+,98.02000000000001,11.17152362817806,45.63,7.800000000000001,0.9637839794158936
50,256.0,1117.0,47.74250000000001,7.800000000000001,11533.0,102.06194690265487,74.56370656370656,0.0015573654826070782,0.001137769231154445,0.0,True,False,-1,PV-/PNN+,0.0,0.0,47.74250000000001,7.800000000000001,0.8860721588134766
51,205.0,1071.5,45.63,7.800000000000001,13535.0,125.32407407407408,84.12152777777777,0.0019123227904795006,0.0012836122343446673,0.0,True,False,-1,PV-/PNN+,0.0,0.0,45.63,7.800000000000001,0.9460257291793823
52,91.0,1208.0,47.74250000000001,7.800000000000001,8963.0,79.31858407079646,54.263392857142854,0.0012103240111512393,0.000828006299796183,0.0,True,False,-1,PV-/PNN+,0.0,0.0,47.74250000000001,7.800000000000001,0.9680504202842712
53,514.5,1099.5,47.32000000000001,7.800000000000001,13542.0,120.91071428571429,93.8068669527897,0.0018449792368309193,0.001431401036893106,0.0,True,False,-1,PV-/PNN+,0.0,0.0,47.32000000000001,7.800000000000001,0.9188552498817444
54,770.5,29.5,47.32000000000001,7.800000000000001,11556.0,103.17857142857143,72.94945848375451,0.0015744040806984273,0.0011131373843557566,0.00057399222264257,True,True,54,PV+/PNN+,81.5425,10.18936384552868,47.32000000000001,7.800000000000001,0.9033088088035583
55,989.5,561.0,45.63,7.800000000000001,6147.0,56.916666666666664,27.173267326732674,0.000868492662953638,0.0004146374811433993,0.000954404135194934,True,True,55,PV+/PNN+,81.12,10.162932247580734,45.63,7.800000000000001,0.8759778141975403
56,454.5,267.5,47.32000000000001,7.800000000000001,5010.0,44.732142857142854,47.396103896103895,0.0006825687473432953,0.0007232181871687479,0.0008239259012091702,True,True,56,PV+/PNN+,105.20250000000001,11.573589901365995,47.32000000000001,7.800000000000001,0.7878842353820801
57,278.5,1030.0,45.63,7.800000000000001,8242.0,76.31481481481481,52.89556962025316,0.0011644894303015916,0.0008071346550736731,0.0,True,False,-1,PV-/PNN+,0.0,0.0,45.63,7.800000000000001,0.920634388923645
58,62.0,682.0,47.74250000000001,7.800000000000001,3230.0,28.58407079646018,20.88150289017341,0.0004361649621799066,0.0003186313098370857,0.0010042750572484514,True,True,58,PV+/PNN+,89.14750000000001,10.653925206902757,47.74250000000001,7.800000000000001,0.8536454439163208
59,686.0,109.5,45.63,7.800000000000001,9860.0,91.29629629629629,86.24334600760456,0.0013930921842724695,0.001315989105174404,0.0005379033647056996,True,True,59,PV+/PNN+,70.5575,9.47821708854842,45.63,7.800000000000001,0.9320184588432312
60,683.0,1010.0,47.74250000000001,7.800000000000001,10834.0,95.87610619469027,71.87550200803213,0.0014629756037947703,0.0010967498589766098,0.0,True,False,-1,PV-/PNN+,0.0,0.0,47.74250000000001,7.800000000000001,0.8615297079086304
61,665.0,616.0,47.74250000000001,7.800000000000001,8009.0,70.87610619469027,49.93416927899686,0.0010815000563773596,0.0007619465824215589,0.0,True,False,-1,PV-/PNN+,0.0,0.0,47.74250000000001,7.800000000000001,0.8168238997459412
62,432.0,481.0,47.74250000000001,7.800000000000001,10722.0,94.88495575221239,84.27188940092167,0.00144785161749008,0.0012859066056446428,0.001005629889406575,True,True,62,PV+/PNN+,74.78250000000001,9.75787047742269,47.74250000000001,7.800000000000001,0.9466264843940735
63,323.5,443.5,47.32000000000001,7.800000000000001,20491.0,182.95535714285714,120.61538461538461,0.0027917198007607713,0.0018404727949246145,0.0,True,False,-1,PV-/PNN+,0.0,0.0,47.32000000000001,7.800000000000001,0.9268631339073181
64,135.0,852.5,45.63,7.800000000000001,9409.0,87.12037037037037,61.56730769230769,0.0013293716391297836,0.0009394568961975691,0.000590997703254118,True,True,64,PV+/PNN+,61.2625,8.831864899857669,45.63,7.800000000000001,0.936322808265686
65,867.5,323.5,47.32000000000001,7.800000000000001,8954.0,79.94642857142857,56.6,0.001219904304134105,0.0008636606393530175,0.0,True,False,-1,PV-/PNN+,0.0,0.0,47.32000000000001,7.800000000000001,0.8711508512496948
66,1059.5,436.5,47.32000000000001,7.800000000000001,4377.0,39.080357142857146,33.69879518072289,0.0005963280253735736,0.0005142106535549384,0.0009529784282527895,True,True,66,PV+/PNN+,104.35750000000002,11.5270159100133,47.32000000000001,7.800000000000001,0.8939304947853088
67,700.0,557.5,45.63,7.800000000000001,4076.0,37.74074074074074,34.80357142857143,0.0005758867893605057,0.0005310684585118095,0.0005834423962141975,True,True,67,PV+/PNN+,82.3875,10.24202240731137,45.63,7.800000000000001,0.9502328634262085
68,204.5,1119.0,45.63,7.800000000000001,10131.0,93.80555555555556,51.79746835443038,0.0014313810262539949,0.0007903787038136931,0.0,True,False,-1,PV-/PNN+,0.0,0.0,45.63,7.800000000000001,0.9793415665626526
69,756.0,92.5,45.63,7.800000000000001,10794.0,99.94444444444444,60.18927444794953,0.0015250544662309367,0.0009184294567475323,0.0005381684279320714,True,True,69,PV+/PNN+,89.57000000000001,10.679141633199201,45.63,7.800000000000001,0.9368301033973694
70,149.0,674.0,47.74250000000001,7.800000000000001,6596.0,58.3716814159292,53.6144578313253,0.0008906947648726513,0.0008181041860276998,0.0004404867411032128,True,True,70,PV+/PNN+,89.14750000000001,10.653925206902757,47.74250000000001,7.800000000000001,0.8508157134056091
71,13.5,904.0,45.63,7.800000000000001,5538.0,51.27777777777778,43.13502109704641,0.0007824487339250443,0.0006581982314342933,0.0010948960203736502,True,True,71,PV+/PNN+,79.00750000000001,10.029729474450614,45.63,7.800000000000001,0.476585328578949
72,793.0,51.0,47.74250000000001,7.800000000000001,18222.0,161.2566371681416,85.08196721311475,0.0024606185575363026,0.001298267600718925,0.0006455184871298399,True,True,72,PV+/PNN+,62.53000000000001,8.922761272851007,47.74250000000001,7.800000000000001,0.9201219081878662
73,490.0,744.0,47.74250000000001,7.800000000000001,18772.0,166.12389380530973,100.10175438596491,0.0025348881331396923,0.0015274548620731656,0.000836779176826023,True,True,73,PV+/PNN+,70.5575,9.47821708854842,47.74250000000001,7.800000000000001,0.9052523970603943
74,926.0,654.0,47.74250000000001,7.800000000000001,7632.0,67.53982300884955,43.17479674796748,0.0010305916381910362,0.0006588051689626532,0.0,True,False,-1,PV-/PNN+,0.0,0.0,47.74250000000001,7.800000000000001,0.9342740178108215
75,824.5,261.5,47.32000000000001,7.800000000000001,7097.0,63.36607142857143,42.675,0.000966904271436201,0.0006511787594415197,0.0,True,False,-1,PV-/PNN+,0.0,0.0,47.32000000000001,7.800000000000001,0.9004733562469482
76,1062.5,93.5,47.32000000000001,7.800000000000001,8378.0,74.80357142857143,56.539240506329115,0.0011414293343796663,0.0008627335089086613,0.0007367246509498741,True,True,76,PV+/PNN+,108.16000000000001,11.735143337793332,47.32000000000001,7.800000000000001,0.7641586661338806
77,852.5,396.0,45.63,7.800000000000001,5346.0,49.5,39.177215189873415,0.0007553215838864729,0.0005978059844338661,0.000716322002541363,True,True,77,PV+/PNN+,83.2325,10.294411610537507,45.63,7.800000000000001,0.8959556818008423
78,272.0,599.0,47.74250000000001,7.800000000000001,13303.0,117.72566371681415,64.9434628975265,0.0017963784804579867,0.0009909737224006484,0.000777297892596389,True,True,78,PV+/PNN+,77.74000000000001,9.948951814523555,47.74250000000001,7.800000000000001,0.8999791741371155
79,157.5,583.5,47.32000000000001,7.800000000000001,2951.0,26.348214285714285,26.829545454545453,0.00040204797872456374,0.00040939262156932104,0.0010804613674263478,True,True,79,PV+/PNN+,94.64000000000001,10.977221438676356,47.32000000000001,7.800000000000001,0.7031667828559875
80,35.5,727.0,45.63,7.800000000000001,2795.0,25.87962962962963,21.643939393939394,0.000394897835196912,0.0003302653451428915,0.0007223499969246685,True,True,80,PV+/PNN+,95.90750000000001,11.050485131282139,45.63,7.800000000000001,0.7167078256607056
81,660.0,407.0,47.74250000000001,7.800000000000001,4369.0,38.663716814159294,31.25574712643678,0.0005899705014749262,0.0004769321297999051,0.00045480133372099497,True,True,81,PV+/PNN+,78.16250000000001,9.9759503765487,47.74250000000001,7.800000000000001,0.8844150900840759
82,592.5,898.0,45.63,7.800000000000001,2699.0,24.99074074074074,20.431707317073172,0.0003813342601776263,0.00031176786933811203,0.000538277256427863,True,True,82,PV+/PNN+,105.62500000000001,11.596806754993013,45.63,7.800000000000001,0.8478963375091553
83,542.0,769.0,47.74250000000001,7.800000000000001,8965.0,79.33628318584071,49.7875,0.0012105940823352516,0.0007597085526817731,0.0,True,False,-1,PV-/PNN+,0.0,0.0,47.74250000000001,7.800000000000001,0.9233888387680054
84,82.0,1174.5,45.63,7.800000000000001,2076.0,19.22222222222222,35.62903225806452,0.00029331230979205345,0.0005436641833839096,0.0,True,False,-1,PV-/PNN+,0.0,0.0,45.63,7.800000000000001,0.3776527941226959
85,455.0,741.0,47.74250000000001,7.800000000000001,7852.0,69.48672566371681,62.60909090909091,0.001060299468432392,0.000955353489114075,0.0007495712628268805,True,True,85,PV+/PNN+,85.76750000000001,10.450003476223014,47.74250000000001,7.800000000000001,0.8684382438659668
86,373.5,475.0,45.63,7.800000000000001,8248.0,76.37037037037037,63.689655172413794,0.001165337153740297,0.0009718418428689066,0.0006306463990952297,True,True,86,PV+/PNN+,71.825,9.562971834142516,45.63,7.800000000000001,0.9119472503662109
87,539.0,1090.5,45.63,7.800000000000001,20238.0,187.38888888888889,95.76795580110497,0.0028593711587531685,0.001461325334570916,0.000435825097319127,True,True,87,PV+/PNN+,75.20500000000001,9.785396259825553,45.63,7.800000000000001,0.9632439017295837
88,137.5,1177.5,47.32000000000001,7.800000000000001,3863.0,34.49107142857143,30.66268656716418,0.0005263000141690918,0.00046788260573989745,0.000838677545117184,True,True,88,PV+/PNN+,68.02250000000001,9.306392261867519,47.32000000000001,7.800000000000001,0.8478532433509827
89,390.5,769.5,47.32000000000001,7.800000000000001,7685.0,68.61607142857143,41.828125,0.0010470141363938571,0.000638256275272755,0.0,True,False,-1,PV-/PNN+,0.0,0.0,47.32000000000001,7.800000000000001,0.8194968104362488
90,152.5,761.0,45.63,7.800000000000001,7822.0,72.42592592592592,50.850828729281766,0.0011051487895922167,0.00077593390904527,0.0007884787666871559,True,True,90,PV+/PNN+,67.17750000000001,9.24840794496255,45.63,7.800000000000001,0.9167688488960266
91,345.5,1225.0,45.63,7.800000000000001,8274.0,76.61111111111111,44.35353535353536,0.001169010621974687,0.0006767915671554949,0.000647477415616578,True,True,91,PV+/PNN+,78.16250000000001,9.9759503765487,45.63,7.800000000000001,0.8631448745727539
92,225.0,1187.5,45.63,7.800000000000001,4359.0,40.361111111111114,30.85523385300668,0.0006158710782194417,0.00047082068899071766,0.000830289821900677,True,True,92,PV+/PNN+,116.61000000000001,12.18492771055977,45.63,7.800000000000001,0.6960020661354065
93,676.0,87.5,45.63,7.800000000000001,11267.0,104.32407407407408,68.06896551724138,0.0015918833306488758,0.0010386658353130599,0.0009958573817580455,True,True,93,PV+/PNN+,62.53000000000001,8.922761272851007,45.63,7.800000000000001,0.8704237341880798
94,1048.5,140.5,47.32000000000001,7.800000000000001,17344.0,154.85714285714286,93.33550488599349,0.002362968533716989,0.0014242085127945904,0.0,True,False,-1,PV-/PNN+,0.0,0.0,47.32000000000001,7.800000000000001,0.9457364082336426
95,723.0,748.0,47.74250000000001,7.800000000000001,5223.0,46.2212389380531,30.951417004048583,0.0007052908970481894,0.0004722883497985593,0.0007585365350408083,True,True,95,PV+/PNN+,67.17750000000001,9.24840794496255,47.74250000000001,7.800000000000001,0.8861509561538696
96,909.0,546.0,47.74250000000001,7.800000000000001,6124.0,54.19469026548673,53.64235294117647,0.0008269579654457424,0.0008185298381197295,0.0009881333970509225,True,True,96,PV+/PNN+,100.9775,11.338807085778242,47.74250000000001,7.800000000000001,0.5134382843971252
97,762.5,850.5,47.32000000000001,7.800000000000001,3442.0,30.732142857142858,28.75,0.0004689424407895454,0.00043869687953002214,0.0006529513185112465,True,True,97,PV+/PNN+,105.20250000000001,11.573589901365995,47.32000000000001,7.800000000000001,0.7136494517326355
98,971.5,47.5,47.32000000000001,7.800000000000001,5260.0,46.964285714285715,39.389655172413796,0.0007166290640769927,0.0006010476107791836,0.0007819810244416206,True,True,98,PV+/PNN+,73.515,9.6748232609803,47.32000000000001,7.800000000000001,0.8878650069236755
99,550.0,820.0,47.74250000000001,7.800000000000001,4416.0,39.07964601769911,26.66551724137931,0.0005963171742992159,0.00040688971147294286,0.0,True,False,-1,PV-/PNN+,0.0,0.0,47.74250000000001,7.800000000000001,0.9049296975135803
100,492.0,110.0,47.74250000000001,7.800000000000001,3950.0,34.95575221238938,30.144444444444446,0.0005333905884243439,0.0004599747378415266,0.0008981753976683065,True,True,100,PV+/PNN+,100.9775,11.338807085778242,47.74250000000001,7.800000000000001,0.720604658126831
101,512.0,1139.5,45.63,7.800000000000001,5922.0,54.833333333333336,40.97208121827411,0.0008367030340021872,0.0006251938844628688,0.000628929083236126,True,True,101,PV+/PNN+,105.20250000000001,11.573589901365995,45.63,7.800000000000001,0.7976565957069397
102,226.5,1059.5,47.32000000000001,7.800000000000001,7703.0,68.77678571428571,49.95221843003413,0.0010494664791986833,0.0007622219948124533,0.0007770219142067748,True,True,102,PV+/PNN+,103.09,11.456799931339813,47.32000000000001,7.800000000000001,0.7444434762001038
103,1055.5,197.5,47.32000000000001,7.800000000000001,7707.0,68.8125,44.701492537313435,0.0010500114442664225,0.0006821010534418774,0.0,True,False,-1,PV-/PNN+,0.0,0.0,47.32000000000001,7.800000000000001,0.946221113204956
104,490.5,773.0,45.63,7.800000000000001,12424.0,115.03703703703704,86.88432835820896,0.0017553526670792254,0.0013257698688976724,0.0004741294281234771,True,True,104,PV+/PNN+,46.89750000000001,7.727337934192946,45.63,7.800000000000001,0.9190940260887146
105,341.0,580.0,47.74250000000001,7.800000000000001,6744.0,59.68141592920354,54.08136482939633,0.0009106800324895634,0.0008252287301349863,0.0009081633251923937,True,True,105,PV+/PNN+,76.89500000000001,9.894733689817546,47.74250000000001,7.800000000000001,0.9004663825035095
106,737.0,833.0,47.74250000000001,7.800000000000001,5026.0,44.47787610619469,31.795,0.0006786888854229754,0.00048516060120546274,0.000669302587900194,True,True,106,PV+/PNN+,86.19000000000001,10.475710780692815,47.74250000000001,7.800000000000001,0.7568361163139343
107,612.0,788.5,45.63,7.800000000000001,3163.0,29.287037037037038,27.873737373737374,0.00044689153943750724,0.000425325968928624,0.0006201039675518961,True,True,107,PV+/PNN+,125.06000000000002,12.618690005883314,45.63,7.800000000000001,0.6583091020584106
108,828.0,109.5,45.63,7.800000000000001,4629.0,42.861111111111114,32.441471571906355,0.0006540186329611828,0.0004950251250767735,0.0005477817411229783,True,True,108,PV+/PNN+,75.20500000000001,9.785396259825553,45.63,7.800000000000001,0.7988685369491577
109,595.0,271.0,47.74250000000001,7.800000000000001,9300.0,82.30088495575221,69.3092105263158,0.001255831005657316,0.0010575907610637948,0.0006724715424614521,True,True,109,PV+/PNN+,89.9925,10.704298656594888,47.74250000000001,7.800000000000001,0.8688748478889465
110,188.5,625.0,45.63,7.800000000000001,5992.0,55.48148148148148,38.77556818181818,0.0008465931407870829,0.0005916772439432087,0.0005715879513762512,True,True,110,PV+/PNN+,77.31750000000001,9.92187978661609,45.63,7.800000000000001,0.7671133875846863
111,670.5,206.0,45.63,7.800000000000001,9733.0,90.12037037037037,61.34126984126984,0.001375148704819873,0.0009360077796791003,0.0007723820180904182,True,True,111,PV+/PNN+,60.84,8.801357503344999,45.63,7.800000000000001,0.5073721408843994
112,518.0,850.0,47.74250000000001,7.800000000000001,4199.0,37.15929203539823,26.65625,0.0005670144508338786,0.000406748302433814,0.0,True,False,-1,PV-/PNN+,0.0,0.0,47.74250000000001,7.800000000000001,0.9156472682952881
113,524.0,1026.5,45.63,7.800000000000001,3477.0,32.19444444444444,28.410094637223974,0.0004912557327297543,0.00043351025615661823,0.0005822666478270079,True,True,113,PV+/PNN+,117.03250000000001,12.206981896407397,45.63,7.800000000000001,0.8057439923286438
114,300.0,553.5,45.63,7.800000000000001,8104.0,75.03703703703704,63.77151335311573,0.0011449917912113685,0.0009730909186406612,0.000764702130134442,True,True,114,PV+/PNN+,77.31750000000001,9.92187978661609,45.63,7.800000000000001,0.8694697618484497
115,1056.5,614.5,47.32000000000001,7.800000000000001,2191.0,19.5625,14.728971962616823,0.0002985046158541238,0.0002247497056933978,0.0007228484779125659,True,True,115,PV+/PNN+,135.20000000000002,13.120289114504834,47.32000000000001,7.800000000000001,0.4200456440448761
116,548.0,951.5,45.63,7.800000000000001,2986.0,27.64814814814815,19.890862944162436,0.00042188369799569923,0.00030351511320916207,0.0005790771463878915,True,True,116,PV+/PNN+,117.87750000000001,12.250971162912725,45.63,7.800000000000001,0.7780730128288269
117,412.0,576.0,47.74250000000001,7.800000000000001,4910.0,43.45132743362832,33.76433121019108,0.0006630247567502605,0.0005152106692636161,0.0006372033888394177,True,True,117,PV+/PNN+,57.88250000000001,8.584770698634475,47.74250000000001,7.800000000000001,0.743081271648407
118,489.5,149.5,47.32000000000001,7.800000000000001,4690.0,41.875,30.330459770114942,0.0006389715419241627,0.00046281314976905384,0.0008431316034123693,True,True,118,PV+/PNN+,91.26,10.779417463505668,47.32000000000001,7.800000000000001,0.584050178527832
119,644.0,990.0,47.74250000000001,7.800000000000001,6470.0,57.256637168141594,42.01526717557252,0.0008736802802798748,0.0006411118818276115,0.0005620565346761273,True,True,119,PV+/PNN+,135.20000000000002,13.120289114504834,47.74250000000001,7.800000000000001,0.5485901832580566
120,28.5,1168.5,47.32000000000001,7.800000000000001,3098.0,27.660714285714285,23.48169014084507,0.0004220754449639778,0.0003583076240305954,0.0006913129595665645,True,True,120,PV+/PNN+,65.06500000000001,9.101831188183693,47.32000000000001,7.800000000000001,0.7709878087043762
121,589.0,1014.5,45.63,7.800000000000001,4098.0,37.94444444444444,22.219941348973606,0.0005789951086357586,0.00033905457158729847,0.00054772353289685,True,True,121,PV+/PNN+,136.89000000000001,13.202036255017498,45.63,7.800000000000001,0.7913377285003662
122,741.5,360.0,45.63,7.800000000000001,5183.0,47.99074074074074,41.523035230352306,0.000732291763801644,0.0006336009037972428,0.0006198158526259325,True,True,122,PV+/PNN+,68.8675,9.364017532397558,45.63,7.800000000000001,0.6461081504821777
123,559.0,412.5,45.63,7.800000000000001,2661.0,24.63888888888889,26.17142857142857,0.0003759653450658257,0.0003993504016392549,0.0005535313294525929,True,True,123,PV+/PNN+,78.16250000000001,9.9759503765487,45.63,7.800000000000001,0.7119762301445007
124,362.5,784.5,47.32000000000001,7.800000000000001,4098.0,36.589285714285715,45.32601880877743,0.0005583167118987673,0.0006916307134932086,0.0,True,False,-1,PV-/PNN+,0.0,0.0,47.32000000000001,7.800000000000001,0.4212440550327301
125,517.0,622.5,45.63,7.800000000000001,2228.0,20.62962962962963,25.229007633587788,0.0003147879702392558,0.0003849699799128372,0.0006671583462611158,True,True,125,PV+/PNN+,83.65500000000002,10.320506485382394,45.63,7.800000000000001,0.7320801019668579
126,580.0,304.0,47.74250000000001,7.800000000000001,9517.0,84.22123893805309,59.20388349514563,0.0012851337291226535,0.000903393354621891,0.0006025357364336536,True,True,126,PV+/PNN+,65.91000000000001,9.160743331929707,47.74250000000001,7.800000000000001,0.8386337161064148
127,208.0,890.0,47.74250000000001,7.800000000000001,5248.0,46.442477876106196,29.79083094555874,0.0007086667868483436,0.0004545789417190622,0.0006505501307225362,True,True,127,PV+/PNN+,59.995000000000005,8.740023254338977,47.74250000000001,7.800000000000001,0.8013523817062378
128,189.0,835.0,47.74250000000001,7.800000000000001,3839.0,33.97345132743363,29.542199488491047,0.0005184016377116599,0.0004507850688714587,0.0005698777565500908,True,True,128,PV+/PNN+,82.81,10.268250420569165,47.74250000000001,7.800000000000001,0.5218055844306946
129,143.5,918.0,45.63,7.800000000000001,4625.0,42.824074074074076,31.20344827586207,0.0006534534840020458,0.00047613410049381354,0.00043316937670009637,True,True,129,PV+/PNN+,62.10750000000001,8.892565716633143,45.63,7.800000000000001,0.6791387796401978
130,868.0,215.0,47.74250000000001,7.800000000000001,5635.0,49.86725663716814,33.621818181818185,0.0007609255609547286,0.0005130360598431096,0.0008436186725810993,True,True,130,PV+/PNN+,72.2475,9.591056980763573,47.74250000000001,7.800000000000001,0.7420728206634521
131,592.5,844.5,47.32000000000001,7.800000000000001,4845.0,43.25892857142857,34.74267782426778,0.000660088938299055,0.0005301392816703713,0.0005054786482013663,True,True,131,PV+/PNN+,136.89000000000001,13.202036255017498,47.32000000000001,7.800000000000001,0.3992164731025696
132,596.5,126.0,45.63,7.800000000000001,5585.0,51.71296296296296,36.23692307692308,0.0007890892341949029,0.0005529400026996731,0.0006811072501161766,True,True,132,PV+/PNN+,69.7125,9.421290344870497,45.63,7.800000000000001,0.7982559204101562
133,489.5,1012.5,47.32000000000001,7.800000000000001,4913.0,43.86607142857143,29.39308176100629,0.0006693533444506207,0.0004485096782025832,0.0004583749745997717,True,True,133,PV+/PNN+,85.34500000000001,10.424232774905905,47.32000000000001,7.800000000000001,0.6185212135314941
134,586.0,757.0,47.74250000000001,7.800000000000001,5277.0,46.69911504424779,35.69314079422383,0.0007125828190165224,0.0005446424169409297,0.0,True,False,-1,PV-/PNN+,0.0,0.0,47.74250000000001,7.800000000000001,0.7643663883209229
135,847.0,167.5,45.63,7.800000000000001,3363.0,31.13888888888889,27.400621118012424,0.0004751489873943525,0.00041810667762283394,0.0006290481361642515,True,True,135,PV+/PNN+,95.90750000000001,11.050485131282139,45.63,7.800000000000001,0.6802521347999573
136,969.5,82.0,45.63,7.800000000000001,2848.0,26.37037037037037,31.144970414201183,0.000402386058905476,0.0004752417855222581,0.0008714209419176231,True,True,136,PV+/PNN+,73.93750000000001,9.702584647343,45.63,7.800000000000001,0.39127257466316223
137,23.0,1105.0,47.74250000000001,7.800000000000001,3784.0,33.48672566371681,26.872791519434628,0.0005109746801513209,0.0004100525142204109,0.0006543427625112759,True,True,137,PV+/PNN+,57.46000000000001,8.553382035223404,47.74250000000001,7.800000000000001,0.5779508948326111
138,178.5,766.0,45.63,7.800000000000001,9875.0,91.43518518518519,56.97942386831276,0.001395211492869233,0.0008694502764677311,0.0007071602960250248,True,True,138,PV+/PNN+,67.60000000000001,9.277445403994411,45.63,7.800000000000001,0.797517716884613
139,696.0,850.5,45.63,7.800000000000001,2547.0,23.583333333333332,22.49814126394052,0.0003598585997304239,0.0003432996301814377,0.0005486356711631559,True,True,139,PV+/PNN+,130.97500000000002,12.913657474615313,45.63,7.800000000000001,0.5127174258232117
140,865.5,784.5,47.32000000000001,7.800000000000001,1786.0,15.946428571428571,18.055248618784532,0.00024332690274553401,0.000275505434024331,0.0007085421006995203,True,True,140,PV+/PNN+,115.76500000000001,12.140699151872026,47.32000000000001,7.800000000000001,0.7021558284759521
141,544.0,569.5,45.63,7.800000000000001,3346.0,30.98148148148148,20.551820728291318,0.0004727471043180206,0.00031360068250997663,0.0008632633630432811,True,True,141,PV+/PNN+,71.4025,9.534803961957083,45.63,7.800000000000001,0.7706491351127625
142,794.0,808.0,47.74250000000001,7.800000000000001,7485.0,66.23893805309734,51.33165829145729,0.0010107414061661301,0.0007832708978630852,0.0,True,False,-1,PV-/PNN+,0.0,0.0,47.74250000000001,7.800000000000001,0.8171214461326599
143,295.0,719.5,45.63,7.800000000000001,8561.0,79.26851851851852,46.28148148148148,0.0012095600597927599,0.0007062101393374758,0.0006186023796730245,True,True,143,PV+/PNN+,79.00750000000001,10.029729474450614,45.63,7.800000000000001,0.7287319898605347
144,538.0,642.0,47.74250000000001,7.800000000000001,2677.0,23.690265486725664,21.167979002624673,0.00036149027980049843,0.00032300265510986,0.0009387315787182335,True,True,144,PV+/PNN+,74.78250000000001,9.75787047742269,47.74250000000001,7.800000000000001,0.8508906960487366
145,953.0,197.5,45.63,7.800000000000001,3670.0,33.98148148148148,42.53921568627451,0.0005185241700081098,0.0006491068236251546,0.0005670361529825938,True,True,145,PV+/PNN+,47.32000000000001,7.762067717874401,45.63,7.800000000000001,0.5303593277931213
146,298.0,1071.0,47.74250000000001,7.800000000000001,8764.0,77.5575221238938,46.73961218836565,0.0011834519283420127,0.0007132007658253703,0.0007891629115898824,True,True,146,PV+/PNN+,68.8675,9.364017532397558,47.74250000000001,7.800000000000001,0.6770113706588745
147,294.5,669.5,47.32000000000001,7.800000000000001,9817.0,87.65178571428571,45.53179190751445,0.0013374805174988281,0.000694770609712588,0.0007415634493894515,True,True,147,PV+/PNN+,103.09,11.456799931339813,47.32000000000001,7.800000000000001,0.6671397089958191
148,321.0,1053.0,47.74250000000001,7.800000000000001,7769.0,68.75221238938053,59.75845410628019,0.0010490915142958804,0.0009118555597204576,0.0,True,False,-1,PV-/PNN+,0.0,0.0,47.74250000000001,7.800000000000001,0.7297308444976807
149,544.0,43.0,47.74250000000001,7.800000000000001,1682.0,14.88495575221239,13.202492211838006,0.00022712986575436621,0.00020145711775140012,0.0006399209541610088,True,True,149,PV+/PNN+,94.21750000000002,10.952691304245054,47.74250000000001,7.800000000000001,0.5598832964897156
150,1034.5,336.5,47.32000000000001,7.800000000000001,3628.0,32.392857142857146,34.28502415458937,0.0004942833164394163,0.000523155934303645,0.0008503671863786074,True,True,150,PV+/PNN+,99.71000000000001,11.267418293714986,47.32000000000001,7.800000000000001,0.4690111577510834
151,477.5,393.5,47.32000000000001,7.800000000000001,8615.0,76.91964285714286,60.11272727272727,0.0011737185146432115,0.0009172614217246856,0.0008276949821348227,True,True,151,PV+/PNN+,90.415,10.72939669493256,47.32000000000001,7.800000000000001,0.7849821448326111
152,702.0,527.5,45.63,7.800000000000001,10014.0,92.72222222222223,54.36015325670498,0.0014148504191992405,0.0008294827688518346,0.0,True,False,-1,PV-/PNN+,0.0,0.0,45.63,7.800000000000001,0.8160486221313477
153,779.0,426.5,45.63,7.800000000000001,3760.0,34.81481481481482,36.88578680203046,0.0005312400215886902,0.0005628410284890587,0.0006864986758472493,True,True,153,PV+/PNN+,81.965,10.215727056074748,45.63,7.800000000000001,0.5131600499153137
154,364.0,213.5,45.63,7.800000000000001,2117.0,19.60185185185185,20.942196531791907,0.0002991050866232067,0.00031955743544353257,0.0010540666951944031,True,True,154,PV+/PNN+,97.17500000000001,11.123266281072276,45.63,7.800000000000001,0.688823938369751
155,507.5,768.0,45.63,7.800000000000001,4898.0,45.351851851851855,47.074803149606296,0.0006920249004631397,0.0007183154520425161,0.0,True,False,-1,PV-/PNN+,0.0,0.0,45.63,7.800000000000001,0.38092559576034546
156,4.915492957746479,509.28169014084506,59.995000000000005,8.740023254338977,1537.0,10.82394366197183,12.077777777777778,0.0001651627933466366,0.00018429507557454454,0.0007562887049926015,False,True,156,PV+/PNN-,59.995000000000005,8.740023254338977,0.0,0.0,0.0
157,34.027027027027025,823.3513513513514,31.265000000000004,6.309345002941657,7699.0,104.04054054054055,53.46078431372549,0.00158755688625224,0.0008157592784577019,0.0007361447050163003,False,True,157,PV+/PNN-,31.265000000000004,6.309345002941657,0.0,0.0,0.0
158,45.461077844311376,717.245508982036,70.5575,9.47821708854842,2974.0,17.808383233532933,17.924603174603174,0.00027173850970524046,0.000273511912330864,0.0004006635390240348,False,True,158,PV+/PNN-,70.5575,9.47821708854842,0.0,0.0,0.0
159,48.758389261744966,811.8791946308725,62.95250000000001,8.952854988211321,5138.0,34.48322147651007,34.13592233009709,0.0005261802315786995,0.0005208807862988798,0.0004236682791049201,False,True,159,PV+/PNN-,62.95250000000001,8.952854988211321,0.0,0.0,0.0
160,52.43388429752066,840.7561983471074,102.245,11.409749219480977,10459.0,43.21900826446281,35.28074245939675,0.0006594797934609416,0.0005383496217196422,0.000670009779645852,False,True,160,PV+/PNN-,102.245,11.409749219480977,0.0,0.0,0.0
161,51.18279569892473,512.3172043010753,78.58500000000001,10.002876067562408,2864.0,15.397849462365592,12.597796143250688,0.0002349561221082718,0.00019223004719997998,0.0006296397476190594,False,True,161,PV+/PNN-,78.58500000000001,10.002876067562408,0.0,0.0,0.0
162,59.85294117647059,606.1960784313726,43.095000000000006,7.407446130776911,2216.0,21.725490196078432,15.711340206185566,0.0003315097306184242,0.00023973968423263243,0.0005874723430228122,False,True,162,PV+/PNN-,43.095000000000006,7.407446130776911,0.0,0.0,0.0
163,67.06626506024097,420.5240963855422,70.135,9.449796583524995,1977.0,11.909638554216867,15.948509485094851,0.0001817294354805351,0.0002433586554527329,0.0005036396444096367,False,True,163,PV+/PNN-,70.135,9.449796583524995,0.0,0.0,0.0
164,77.64166666666667,907.9833333333333,50.7,8.034503402082343,3951.0,32.925,27.893617021276597,0.0005024032959487296,0.00042562931290572364,0.00048116782380916055,False,True,164,PV+/PNN-,50.7,8.034503402082343,0.0,0.0,0.0
165,90.67755102040816,676.9102040816326,103.51250000000002,11.480252975191728,4136.0,16.881632653061224,19.274509803921568,0.00025759720230504656,0.00029411016714612907,0.00043098951642913974,False,True,165,PV+/PNN-,103.51250000000002,11.480252975191728,0.0,0.0,0.0
166,97.99305555555556,865.2361111111111,60.84,8.801357503344999,6783.0,47.104166666666664,39.91545189504373,0.0007187635105923043,0.000609070754483005,0.000571047701397896,False,True,166,PV+/PNN-,60.84,8.801357503344999,0.0,0.0,0.0
167,100.37714285714286,1199.6857142857143,73.93750000000001,9.702584647343,7452.0,42.582857142857144,42.77580071174377,0.0006497727495667528,0.0006527168797092205,0.0011623886908849143,False,True,167,PV+/PNN-,73.93750000000001,9.702584647343,0.0,0.0,0.0
168,111.54166666666667,942.515625,81.12,10.162932247580734,5463.0,28.453125,26.016393442622952,0.00043416685740444035,0.0003969847172140528,0.0006361899493909107,False,True,168,PV+/PNN-,81.12,10.162932247580734,0.0,0.0,0.0
169,123.40131578947368,869.7105263157895,64.22000000000001,9.042535239792663,10881.0,71.58552631578948,51.57034220532319,0.0010923251135391695,0.0007869129809311542,0.000616083009079118,False,True,169,PV+/PNN-,64.22000000000001,9.042535239792663,0.0,0.0,0.0
170,131.79464285714286,950.2857142857143,47.32000000000001,7.762067717874401,3332.0,29.75,26.25448028673835,0.00045395590142671856,0.00040061768958172503,0.00048038670721206773,False,True,170,PV+/PNN-,47.32000000000001,7.762067717874401,0.0,0.0,0.0
171,143.69791666666666,345.1875,81.12,10.162932247580734,2137.0,11.130208333333334,12.51269035532995,0.00016983609267312634,0.00019093141611856184,0.0006989744665700262,False,True,171,PV+/PNN-,81.12,10.162932247580734,0.0,0.0,0.0
172,161.64705882352942,1225.524064171123,79.00750000000001,10.029729474450614,3248.0,17.36898395721925,19.005540166204987,0.0002650337065265774,0.00029000595355466527,0.0005768236673141552,False,True,172,PV+/PNN-,79.00750000000001,10.029729474450614,0.0,0.0,0.0
173,165.27619047619046,475.4761904761905,44.362500000000004,7.51558975086544,1996.0,19.00952380952381,15.401273885350319,0.0002900667400552958,0.0002350083754535793,0.0005737392233157854,False,True,173,PV+/PNN-,44.362500000000004,7.51558975086544,0.0,0.0,0.0
174,168.91370558375635,660.730964467005,83.2325,10.294411610537507,7843.0,39.81218274111675,42.05899705014749,0.0006074949682019798,0.0006417791569412908,0.0005277917523050224,False,True,174,PV+/PNN-,83.2325,10.294411610537507,0.0,0.0,0.0
175,196.16666666666666,219.70138888888889,60.84,8.801357503344999,2359.0,16.381944444444443,15.034591194968554,0.00024997244898824204,0.00022941315625190438,0.0003833829251544976,False,True,175,PV+/PNN-,60.84,8.801357503344999,0.0,0.0,0.0
176,208.05392156862746,444.078431372549,86.19000000000001,10.475710780692815,4456.0,21.84313725490196,16.99137931034483,0.0003333049096650944,0.0002592718289516263,0.0007446253087333964,False,True,176,PV+/PNN-,86.19000000000001,10.475710780692815,0.0,0.0,0.0
177,212.921875,1029.984375,54.080000000000005,8.297999432349801,3608.0,28.1875,29.70501474926254,0.0004301136797131304,0.00045326947050068725,0.0005871147096971084,False,True,177,PV+/PNN-,54.080000000000005,8.297999432349801,0.0,0.0,0.0
178,215.89473684210526,945.8210526315789,40.1375,7.148751795020415,1674.0,17.621052631578948,27.302158273381295,0.0002688800279481033,0.00041660423092059655,0.0002573152955632386,False,True,178,PV+/PNN-,40.1375,7.148751795020415,0.0,0.0,0.0
179,236.90454545454546,201.20909090909092,92.95,10.878769033449206,3179.0,14.45,12.335180055401661,0.0002204928664072633,0.00018822278256506694,0.0006529474187977278,False,True,179,PV+/PNN-,92.95,10.878769033449206,0.0,0.0,0.0
180,237.906432748538,947.4239766081871,144.495,13.563802859688995,10523.0,30.769005847953217,30.533854166666668,0.0004695049339734984,0.00046591674931970197,0.00044072695408060603,False,True,180,PV+/PNN-,144.495,13.563802859688995,0.0,0.0,0.0
181,251.43430656934308,877.3759124087592,115.76500000000001,12.140699151872026,4433.0,16.17883211678832,21.554945054945055,0.0002468731535330483,0.0003289073785754949,0.00027911758301548344,False,True,181,PV+/PNN-,115.76500000000001,12.140699151872026,0.0,0.0,0.0
182,255.01581027667984,350.12252964426875,106.89250000000001,11.666180096141298,8673.0,34.280632411067195,31.402555910543132,0.0005230889205930754,0.0004791722882512113,0.0006972709571055626,False,True,182,PV+/PNN-,106.89250000000001,11.666180096141298,0.0,0.0,0.0
183,252.7225806451613,1049.3096774193548,65.48750000000001,9.131334770220834,4549.0,29.348387096774193,27.300291545189506,0.0004478276813424001,0.00041657574647424285,0.0006358582092307238,False,True,183,PV+/PNN-,65.48750000000001,9.131334770220834,0.0,0.0,0.0
184,253.17557251908397,140.8854961832061,55.347500000000004,8.394678415652944,1834.0,14.0,15.358600583090379,0.0002136263065537499,0.00023435722259999053,0.0002623153993233614,False,True,184,PV+/PNN-,55.347500000000004,8.394678415652944,0.0,0.0,0.0
185,256.2282608695652,958.2608695652174,77.74000000000001,9.948951814523555,5692.0,30.934782608695652,30.164948453608247,0.0004720345251956306,0.0004602876089663271,0.0005924481110326046,False,True,185,PV+/PNN-,77.74000000000001,9.948951814523555,0.0,0.0,0.0
186,259.3310810810811,903.8445945945946,62.53000000000001,8.922761272851007,3133.0,21.16891891891892,23.759183673469387,0.00032301699731317494,0.0003625419039211015,0.00029126173552815804,False,True,186,PV+/PNN-,62.53000000000001,8.922761272851007,0.0,0.0,0.0
187,265.22727272727275,891.1098484848485,111.54,11.917094395017607,5607.0,21.238636363636363,23.789473684210527,0.00032408081732870014,0.0003630040998582517,0.0003222312389169794,False,True,187,PV+/PNN-,111.54,11.917094395017607,0.0,0.0,0.0
188,266.8715596330275,591.8348623853211,46.0525,7.6574058357851245,10023.0,91.95412844036697,60.78743961352657,0.0014031300593631947,0.0009275568721069134,0.0005932819706256829,False,True,188,PV+/PNN-,46.0525,7.6574058357851245,0.0,0.0,0.0
189,269.4793388429752,962.7438016528926,102.245,11.409749219480977,3375.0,13.946280991735538,28.944805194805195,0.00021280660703037365,0.0004416694162631448,0.0003172867693561008,False,True,189,PV+/PNN-,102.245,11.409749219480977,0.0,0.0,0.0
190,276.74178403755866,793.0892018779343,89.9925,10.704298656594888,4792.0,22.497652582159624,23.041666666666668,0.0003432921733754425,0.0003515932962030467,0.0006009762192083864,False,True,190,PV+/PNN-,89.9925,10.704298656594888,0.0,0.0,0.0
191,285.656,1255.28,52.81250000000001,8.200180696565521,3605.0,28.84,28.59090909090909,0.0004400701915007248,0.0004362693078646386,0.0006226901655603876,False,True,191,PV+/PNN-,52.81250000000001,8.200180696565521,0.0,0.0,0.0
192,285.6764705882353,918.9485294117648,57.46000000000001,8.553382035223404,4177.0,30.71323529411765,28.3,0.00046865392987133057,0.00043183031967650875,0.0005577396900623376,False,True,192,PV+/PNN-,57.46000000000001,8.553382035223404,0.0,0.0,0.0
193,287.9004149377593,995.4066390041494,101.8225,11.386150953847226,5010.0,20.78838174273859,23.4975,0.00031721037220933226,0.00035854886701762413,0.00032170576870172,False,True,193,PV+/PNN-,101.8225,11.386150953847226,0.0,0.0,0.0
194,286.63492063492066,906.1507936507936,53.23500000000001,8.232916079007266,3026.0,24.015873015873016,29.766798418972332,0.00036645873221748706,0.00045421222886964725,0.00030736029820488506,False,True,194,PV+/PNN-,53.23500000000001,8.232916079007266,0.0,0.0,0.0
195,293.39712918660285,1159.598086124402,88.30250000000001,10.603312449370561,7401.0,35.411483253588514,32.11396011396011,0.0005403445983610058,0.0004900276205685529,0.0006410979486836903,False,True,195,PV+/PNN-,88.30250000000001,10.603312449370561,0.0,0.0,0.0
196,297.9366197183099,362.9225352112676,59.995000000000005,8.740023254338977,5353.0,37.69718309859155,38.78854625550661,0.0005752221423451827,0.0005918752766537974,0.0006332494087129015,False,True,196,PV+/PNN-,59.995000000000005,8.740023254338977,0.0,0.0,0.0
197,308.6431924882629,166.38967136150234,89.9925,10.704298656594888,3568.0,16.751173708920188,14.098412698412698,0.00025560652641977856,0.00021512798807374225,0.0008732029009334868,False,True,197,PV+/PNN-,89.9925,10.704298656594888,0.0,0.0,0.0
198,309.8279569892473,982.3620071684588,117.87750000000001,12.250971162912725,4784.0,17.14695340501792,23.87735849056604,0.0002616457374688017,0.0003643451360428174,0.00033739392860473197,False,True,198,PV+/PNN-,117.87750000000001,12.250971162912725,0.0,0.0,0.0
199,308.2245989304813,1113.8877005347595,79.00750000000001,10.029729474450614,7508.0,40.149732620320854,34.6042216358839,0.0006126456491999825,0.0005280265756600885,0.0005569134997056315,False,True,199,PV+/PNN-,79.00750000000001,10.029729474450614,0.0,0.0,0.0
200,316.4230769230769,875.8974358974359,65.91000000000001,9.160743331929707,4014.0,25.73076923076923,27.292887029288703,0.00039262637111115025,0.00041646276080397807,0.0003301230698804514,False,True,200,PV+/PNN-,65.91000000000001,9.160743331929707,0.0,0.0,0.0
201,326.80707395498393,867.8938906752412,131.3975,12.93446918428965,4845.0,15.578778135048232,21.225519287833826,0.0002377169166864764,0.0003238806635818086,0.0003943304147387432,False,True,201,PV+/PNN-,131.3975,12.93446918428965,0.0,0.0,0.0
202,324.8164251207729,148.20289855072463,87.45750000000001,10.552456940621719,3435.0,16.594202898550726,13.37190082644628,0.0002532113053872088,0.00020404212751119676,0.0006631408743124686,False,True,202,PV+/PNN-,87.45750000000001,10.552456940621719,0.0,0.0,0.0
203,325.68,413.945,84.50000000000001,10.37249929043725,5717.0,28.585,32.410557184750736,0.0004361791409170672,0.000494553401766243,0.0006989394979781796,False,True,203,PV+/PNN-,84.50000000000001,10.37249929043725,0.0,0.0,0.0
204,340.3951219512195,206.94146341463414,86.61250000000001,10.501355153901534,3104.0,15.141463414634146,14.003105590062113,0.0002310439217919302,0.00021367369482050986,0.0007069765364625493,False,True,204,PV+/PNN-,86.61250000000001,10.501355153901534,0.0,0.0,0.0
205,340.71794871794873,943.2461538461539,82.3875,10.24202240731137,6896.0,35.364102564102566,29.550675675675677,0.0005396216153826591,0.00045091440719730947,0.0006465912714482181,False,True,205,PV+/PNN-,82.3875,10.24202240731137,0.0,0.0,0.0
206,339.3790322580645,1161.233870967742,52.39000000000001,8.167314108608483,2931.0,23.637096774193548,21.732394366197184,0.0003606789772517517,0.0003316150815014448,0.0004609701292340709,False,True,206,PV+/PNN-,52.39000000000001,8.167314108608483,0.0,0.0,0.0
207,344.9301075268817,925.4032258064516,78.58500000000001,10.002876067562408,3850.0,20.698924731182796,29.072948328267476,0.00031584534571118937,0.00044362475514255704,0.00032938157481309747,False,True,207,PV+/PNN-,78.58500000000001,10.002876067562408,0.0,0.0,0.0
208,398.1510416666667,109.53125,81.12,10.162932247580734,4336.0,22.583333333333332,17.566326530612244,0.0003445995778337275,0.0002680449611751315,0.001012817578393225,False,True,208,PV+/PNN-,81.12,10.162932247580734,0.0,0.0,0.0
209,404.73026315789474,1204.3092105263158,64.22000000000001,9.042535239792663,6104.0,40.1578947368421,27.512269938650306,0.0006127701951147036,0.00041981032942168774,0.000797283894102388,False,True,209,PV+/PNN-,64.22000000000001,9.042535239792663,0.0,0.0,0.0
210,416.64953271028037,854.7242990654206,90.415,10.72939669493256,8234.0,38.47663551401869,35.39306358381503,0.0005871158238196183,0.0005400635322166022,0.0005788445783055213,False,True,210,PV+/PNN-,90.415,10.72939669493256,0.0,0.0,0.0
211,418.4479166666667,19.541666666666668,81.12,10.162932247580734,3012.0,15.6875,14.469453376205788,0.0002393759060044251,0.0002207897059007521,0.0007686732280460822,False,True,211,PV+/PNN-,81.12,10.162932247580734,0.0,0.0,0.0
212,425.75418994413405,266.13966480446925,75.62750000000001,9.812844830601293,4962.0,27.720670391061454,27.495081967213114,0.00042299031648831086,0.0004195480577891678,0.0005429313433522878,False,True,212,PV+/PNN-,75.62750000000001,9.812844830601293,0.0,0.0,0.0
213,423.8790322580645,427.8790322580645,52.39000000000001,8.167314108608483,11311.0,91.21774193548387,62.404761904761905,0.0013918935215607518,0.0009522356283628886,0.000625373784508155,False,True,213,PV+/PNN-,52.39000000000001,8.167314108608483,0.0,0.0,0.0
214,433.06435643564356,44.272277227722775,85.34500000000001,10.424232774905905,2365.0,11.707920792079207,13.447058823529412,0.00017865141973112393,0.00020518896503440013,0.0005653392073013664,False,True,214,PV+/PNN-,85.34500000000001,10.424232774905905,0.0,0.0,0.0
215,435.0188679245283,695.9811320754717,22.392500000000002,5.3395708165996005,1062.0,20.037735849056602,20.46564885496183,0.0003057562500809736,0.00031228578400796265,0.0006282110524262565,False,True,215,PV+/PNN-,22.392500000000002,5.3395708165996005,0.0,0.0,0.0
216,453.04597701149424,924.580459770115,73.515,9.6748232609803,9140.0,52.52873563218391,36.59945504087194,0.0008015371272172718,0.0005584718858758211,0.0006940224097152615,False,True,216,PV+/PNN-,73.515,9.6748232609803,0.0,0.0,0.0
217,452.9396551724138,753.8879310344828,49.010000000000005,7.8994601136704485,7124.0,61.41379310344828,49.07949790794979,0.0009371144137247009,0.0007489051332562721,0.0007321699644570025,False,True,217,PV+/PNN-,49.010000000000005,7.8994601136704485,0.0,0.0,0.0
218,459.93693693693695,288.6756756756757,46.89750000000001,7.727337934192946,15859.0,142.87387387387386,58.4,0.002180115569907284,0.000891126878767071,0.0006166844344917131,False,True,218,PV+/PNN-,46.89750000000001,7.727337934192946,0.0,0.0,0.0
219,480.64,1231.9733333333334,63.37500000000001,8.982847886254723,2711.0,18.073333333333334,17.973684210526315,0.00027578138907962665,0.00027426084093272777,0.00035512830294244806,False,True,219,PV+/PNN-,63.37500000000001,8.982847886254723,0.0,0.0,0.0
220,485.8085106382979,24.652482269503547,59.572500000000005,8.709194152086374,2127.0,15.085106382978724,13.488673139158577,0.0002301839686118673,0.0002058239587878016,0.000428875913309276,False,True,220,PV+/PNN-,59.572500000000005,8.709194152086374,0.0,0.0,0.0
221,491.6666666666667,726.1917808219179,92.5275,10.854016398342266,15079.0,68.85388127853881,62.574585635359114,0.0010506428821017595,0.0009548269723866501,0.0007394703168476672,False,True,221,PV+/PNN-,92.5275,10.854016398342266,0.0,0.0,0.0
222,505.33609958506224,47.9253112033195,101.8225,11.386150953847226,4316.0,17.90871369294606,17.73860911270983,0.00027326945438233094,0.000270673824867778,0.0005378646929976602,False,True,222,PV+/PNN-,101.8225,11.386150953847226,0.0,0.0,0.0
223,506.23204419889504,1165.5414364640883,76.47250000000001,9.867512912824576,5752.0,31.77900552486188,29.037800687285223,0.00048491654115910397,0.0004430884365191916,0.0005291761350583615,False,True,223,PV+/PNN-,76.47250000000001,9.867512912824576,0.0,0.0,0.0
224,510.47058823529414,1020.5022624434389,93.3725,10.903465476204527,7617.0,34.46606334841629,30.432038834951456,0.0005259184153264102,0.0004643631469436401,0.0006209938594519801,False,True,224,PV+/PNN-,93.3725,10.903465476204527,0.0,0.0,0.0
225,515.6977777777778,979.6222222222223,95.06250000000001,11.001696879181248,3430.0,15.244444444444444,16.290666666666667,0.00023261531158074987,0.0002485796393784492,0.00039802310894093907,False,True,225,PV+/PNN-,95.06250000000001,11.001696879181248,0.0,0.0,0.0
226,517.469696969697,880.7234848484849,111.54,11.917094395017607,4430.0,16.78030303030303,17.165584415584416,0.0002560510113725953,0.0002619300284669935,0.0003372590635122107,False,True,226,PV+/PNN-,111.54,11.917094395017607,0.0,0.0,0.0
227,532.8600682593857,310.358361774744,123.79250000000002,12.554581089850336,19267.0,65.75767918088737,59.09090909090909,0.0010033978664970987,0.0009016694757138795,0.0005760410962435466,False,True,227,PV+/PNN-,123.79250000000002,12.554581089850336,0.0,0.0,0.0
228,534.7315789473685,150.9157894736842,80.275,10.109861742556879,7278.0,38.305263157894736,34.81118881118881,0.0005845008492850345,0.0005311846923199636,0.000531656447137528,False,True,228,PV+/PNN-,80.275,10.109861742556879,0.0,0.0,0.0
229,539.6038647342995,1072.1787439613527,87.45750000000001,10.552456940621719,14284.0,69.0048309178744,66.11157024793388,0.0010529462259536797,0.0010087978980382068,0.0006298953724988934,False,True,229,PV+/PNN-,87.45750000000001,10.552456940621719,0.0,0.0,0.0
230,551.421052631579,264.5263157894737,72.2475,9.591056980763573,8583.0,50.19298245614035,44.71351351351351,0.000765895818358745,0.0006822844817809341,0.0005138988719478052,False,True,230,PV+/PNN-,72.2475,9.591056980763573,0.0,0.0,0.0
231,572.0295566502463,645.3300492610838,85.76750000000001,10.450003476223014,6310.0,31.08374384236453,27.13903743315508,0.00047430752792194296,0.0004141151664477772,0.0010180699141322973,False,True,231,PV+/PNN-,85.76750000000001,10.450003476223014,0.0,0.0,0.0
232,607.1730769230769,40.17307692307692,65.91000000000001,9.160743331929707,5542.0,35.52564102564103,26.48181818181818,0.0005420865343044332,0.000404086643500697,0.0005387608500448968,False,True,232,PV+/PNN-,65.91000000000001,9.160743331929707,0.0,0.0,0.0
233,624.7586206896551,1144.2463054187192,85.76750000000001,10.450003476223014,4178.0,20.58128078817734,15.537459283387623,0.0003140502142088554,0.00023708643142424083,0.00099927801524474,False,True,233,PV+/PNN-,85.76750000000001,10.450003476223014,0.0,0.0,0.0
234,629.8164251207729,383.0869565217391,87.45750000000001,10.552456940621719,6169.0,29.801932367149757,24.33644859813084,0.000454748338554204,0.00037135040204670544,0.0006455966848853491,False,True,234,PV+/PNN-,87.45750000000001,10.552456940621719,0.0,0.0,0.0
235,635.5,1.52,21.125000000000004,5.186249645218625,910.0,18.2,17.35,0.0002777141985198749,0.00026474402990768296,0.0005313191424429695,False,True,235,PV+/PNN-,21.125000000000004,5.186249645218625,0.0,0.0,0.0
236,646.7647058823529,549.9632352941177,57.46000000000001,8.553382035223404,3419.0,25.139705882352942,25.579710144927535,0.0003836073225353314,0.00039032135721259686,0.0005352999519789604,False,True,236,PV+/PNN-,57.46000000000001,8.553382035223404,0.0,0.0,0.0
237,651.1975308641976,1191.283950617284,102.6675,11.433298778528327,3011.0,12.390946502057613,9.571052631578947,0.00018907372399569106,0.00014604490167969707,0.0005734378105375791,False,True,237,PV+/PNN-,102.6675,11.433298778528327,0.0,0.0,0.0
238,654.7225806451613,496.94193548387096,65.48750000000001,9.131334770220834,3745.0,24.161290322580644,24.543715846994534,0.0003686776580846974,0.00037451309753558457,0.0006185318359802815,False,True,238,PV+/PNN-,65.48750000000001,9.131334770220834,0.0,0.0,0.0
239,658.2093862815884,1006.8700361010831,117.03250000000001,12.206981896407397,18083.0,65.28158844765343,57.86283185840708,0.0009961331875738679,0.0008829302183322969,0.0005515833438686689,False,True,239,PV+/PNN-,117.03250000000001,12.206981896407397,0.0,0.0,0.0
240,666.7986577181208,193.98657718120805,62.95250000000001,8.952854988211321,11020.0,73.95973154362416,58.455555555555556,0.00112855316309795,0.0008919746022057764,0.0006576740847019088,False,True,240,PV+/PNN-,62.95250000000001,8.952854988211321,0.0,0.0,0.0
241,669.7827715355805,328.60674157303373,112.8075,11.984613883755783,6738.0,25.235955056179776,19.885906040268456,0.00038507599078629396,0.000303439475704104,0.0005895583141809749,False,True,241,PV+/PNN-,112.8075,11.984613883755783,0.0,0.0,0.0
242,666.8132295719844,642.5719844357976,108.58250000000001,11.758041200225733,4839.0,18.828793774319067,19.05607476635514,0.0002873089764907159,0.0002907770621248973,0.0005968236891268189,False,True,242,PV+/PNN-,108.58250000000001,11.758041200225733,0.0,0.0,0.0
243,670.675,228.775,50.7,8.034503402082343,5483.0,45.69166666666667,42.96911196911197,0.0006972101421632207,0.0006556666204182799,0.0005877266600544239,False,True,243,PV+/PNN-,50.7,8.034503402082343,0.0,0.0,0.0
244,671.9833333333333,543.7444444444444,76.05000000000001,9.840216835878625,5251.0,29.17222222222222,27.895833333333332,0.0004451395776641828,0.00042566313165992727,0.0005405084645185355,False,True,244,PV+/PNN-,76.05000000000001,9.840216835878625,0.0,0.0,0.0
245,672.8653846153846,174.47435897435898,65.91000000000001,9.160743331929707,8819.0,56.532051282051285,56.59670781893004,0.0008626238083779856,0.0008636104038899831,0.0006501712727393661,False,True,245,PV+/PNN-,65.91000000000001,9.160743331929707,0.0,0.0,0.0
246,681.6942675159236,896.2993630573249,132.66500000000002,12.996704359270868,15527.0,49.44904458598726,39.3421052631579,0.0007545440541082973,0.0006003220456726619,0.00048542155963726295,False,True,246,PV+/PNN-,132.66500000000002,12.996704359270868,0.0,0.0,0.0
247,680.8607594936709,246.63291139240508,66.75500000000001,9.219279028687428,7434.0,47.050632911392405,30.846153846153847,0.000717946637848362,0.0004706821369673281,0.0004788242440748155,False,True,247,PV+/PNN-,66.75500000000001,9.219279028687428,0.0,0.0,0.0
248,683.612426035503,973.8786982248521,142.805,13.484249077568427,11022.0,32.6094674556213,31.761904761904763,0.0004975885779449347,0.0004846556002426911,0.0004624657405614146,False,True,248,PV+/PNN-,142.805,13.484249077568427,0.0,0.0,0.0
249,683.4965034965035,379.95104895104896,60.417500000000004,8.770743993187619,6227.0,43.54545454545455,28.825301204819276,0.0006644610444106896,0.0004398459022632071,0.000537266959789276,False,True,249,PV+/PNN-,60.417500000000004,8.770743993187619,0.0,0.0,0.0
250,692.4180790960452,172.74576271186442,74.78250000000001,9.75787047742269,9132.0,51.59322033898305,53.25581395348837,0.0007872620788736256,0.0008126316312426699,0.0005419108002408684,False,True,250,PV+/PNN-,74.78250000000001,9.75787047742269,0.0,0.0,0.0
251,692.5365853658536,654.2439024390244,34.645,6.641640160935379,2141.0,26.109756097560975,30.728346456692915,0.00039840934001008586,0.0004688845114319511,0.0005057807501856205,False,True,251,PV+/PNN-,34.645,6.641640160935379,0.0,0.0,0.0
252,716.2197802197802,535.0824175824176,76.89500000000001,9.894733689817546,11049.0,60.70879120879121,43.26006191950464,0.0009263567743769164,0.0006601062320821644,0.0007829890411716916,False,True,252,PV+/PNN-,76.89500000000001,9.894733689817546,0.0,0.0,0.0
253,725.0331491712707,830.7016574585635,76.47250000000001,9.867512912824576,4488.0,24.795580110497237,21.780701754385966,0.00037835629984736763,0.00033235220499558963,0.00046063699250579695,False,True,253,PV+/PNN-,76.47250000000001,9.867512912824576,0.0,0.0,0.0
254,762.9108280254777,402.4777070063694,66.33250000000001,9.190057785517194,5401.0,34.40127388535032,33.79937304075235,0.0005249297914908113,0.0005157453733234508,0.0007100790699188794,False,True,254,PV+/PNN-,66.33250000000001,9.190057785517194,0.0,0.0,0.0
255,763.6461538461539,863.3615384615384,54.925000000000004,8.362576277354894,2404.0,18.49230769230769,18.059633027522935,0.0002821745279973707,0.00027557233581327435,0.0004193883479761255,False,True,255,PV+/PNN-,54.925000000000004,8.362576277354894,0.0,0.0,0.0
256,768.15625,383.6875,81.12,10.162932247580734,6645.0,34.609375,42.57183908045977,0.0005281052109559777,0.0006496046247113721,0.0005656169731186898,False,True,256,PV+/PNN-,81.12,10.162932247580734,0.0,0.0,0.0
257,775.44,64.08,63.37500000000001,8.982847886254723,14600.0,97.33333333333333,78.52364864864865,0.001485211464611785,0.001198194074138226,0.0005757737595686784,False,True,257,PV+/PNN-,63.37500000000001,8.982847886254723,0.0,0.0,0.0
258,786.7909604519774,283.76271186440675,74.78250000000001,9.75787047742269,3479.0,19.65536723163842,18.929503916449086,0.00029992167897518,0.0002888457147546973,0.0005423418460571592,False,True,258,PV+/PNN-,74.78250000000001,9.75787047742269,0.0,0.0,0.0
259,794.704081632653,648.1632653061224,41.405,7.260749503306075,2856.0,29.142857142857142,22.8068669527897,0.00044469149527515285,0.00034801048222766004,0.00047629946920402406,False,True,259,PV+/PNN-,41.405,7.260749503306075,0.0,0.0,0.0
260,797.6150234741784,793.2723004694835,89.9925,10.704298656594888,5350.0,25.11737089201878,28.66984126984127,0.0003832665124287599,0.0004374737357113187,0.0003681507677329714,False,True,260,PV+/PNN-,89.9925,10.704298656594888,0.0,0.0,0.0
261,800.1724137931035,463.807881773399,85.76750000000001,10.450003476223014,8368.0,41.22167487684729,38.82587064676617,0.0006290024395643136,0.0005924448103573079,0.0009208030454903013,False,True,261,PV+/PNN-,85.76750000000001,10.450003476223014,0.0,0.0,0.0
262,798.8446601941747,539.6699029126214,43.517500000000005,7.443668577254932,3201.0,31.07766990291262,27.234146341463415,0.00047421484554684704,0.000415566435362225,0.0005327324537914595,False,True,262,PV+/PNN-,43.517500000000005,7.443668577254932,0.0,0.0,0.0
263,802.6529680365297,863.0045662100457,92.5275,10.854016398342266,2836.0,12.949771689497718,13.637323943661972,0.00019760084976726508,0.00020809222466868044,0.0003838445279858474,False,True,263,PV+/PNN-,92.5275,10.854016398342266,0.0,0.0,0.0
264,806.889502762431,543.6408839779006,76.47250000000001,9.867512912824576,9347.0,51.64088397790055,33.03968253968254,0.0007879893793835439,0.0005041532393329143,0.0009967260546112806,False,True,264,PV+/PNN-,76.47250000000001,9.867512912824576,0.0,0.0,0.0
265,811.03125,691.3214285714286,94.64000000000001,10.977221438676356,4552.0,20.321428571428573,18.288690476190474,0.0003100851235435809,0.00027906752843809377,0.0005367905917230706,False,True,265,PV+/PNN-,94.64000000000001,10.977221438676356,0.0,0.0,0.0
266,820.2575757575758,732.6325757575758,111.54,11.917094395017607,8227.0,31.16287878787879,20.912,0.0004755150497883389,0.0003190966659037156,0.0006956726801084778,False,True,266,PV+/PNN-,111.54,11.917094395017607,0.0,0.0,0.0
267,825.1463414634146,300.219512195122,51.96750000000001,8.134314724734013,4227.0,34.36585365853659,31.15015015015015,0.0005243893134742746,0.0004753208232265225,0.0006166877873859993,False,True,267,PV+/PNN-,51.96750000000001,8.134314724734013,0.0,0.0,0.0
268,828.0816326530612,658.8299319727892,62.10750000000001,8.892565716633143,2157.0,14.673469387755102,18.563076923076924,0.00022390279068825974,0.0002832543972392908,0.0003530335610249288,False,True,268,PV+/PNN-,62.10750000000001,8.892565716633143,0.0,0.0,0.0
269,838.7315789473685,153.48947368421054,80.275,10.109861742556879,4632.0,24.378947368421052,26.883561643835616,0.0003719988917131464,0.0004102168557844757,0.0005563921247384885,False,True,269,PV+/PNN-,80.275,10.109861742556879,0.0,0.0,0.0
270,842.3868613138686,36.65693430656934,57.88250000000001,8.584770698634475,4635.0,33.832116788321166,30.68936170212766,0.0005162450108845833,0.0004682896422084025,0.0004437368119448069,False,True,270,PV+/PNN-,57.88250000000001,8.584770698634475,0.0,0.0,0.0
271,842.811320754717,121.28301886792453,67.17750000000001,9.24840794496255,5460.0,34.339622641509436,30.551948051948052,0.0005239890538110847,0.0004661928443114069,0.00046103359240081516,False,True,271,PV+/PNN-,67.17750000000001,9.24840794496255,0.0,0.0,0.0
272,845.7714285714286,269.56190476190477,44.362500000000004,7.51558975086544,2833.0,26.98095238095238,31.189873417721518,0.00041170294317467585,0.0004759269614362023,0.0006623868743346885,False,True,272,PV+/PNN-,44.362500000000004,7.51558975086544,0.0,0.0,0.0
273,877.2621951219512,205.0,69.29,9.392697591996637,7710.0,47.01219512195122,36.066202090592334,0.0007173601147776184,0.0005503349674310267,0.0010085841302450561,False,True,273,PV+/PNN-,69.29,9.392697591996637,0.0,0.0,0.0
274,882.8241206030151,84.35678391959799,84.07750000000001,10.346535546861599,4118.0,20.693467336683415,20.149425287356323,0.00031576207120902444,0.0003074605216656187,0.0007003814372081664,False,True,274,PV+/PNN-,84.07750000000001,10.346535546861599,0.0,0.0,0.0
275,894.2541666666667,608.4208333333333,101.4,11.362503678157625,10947.0,45.6125,33.59230769230769,0.0006960021362630655,0.0005125857586374867,0.000660715648126955,False,True,275,PV+/PNN-,101.4,11.362503678157625,0.0,0.0,0.0
276,895.5083798882681,154.7094972067039,75.62750000000001,9.812844830601293,5110.0,28.547486033519554,24.10840108401084,0.0004356067144811102,0.00036787062003526116,0.0006222953064015859,False,True,276,PV+/PNN-,75.62750000000001,9.812844830601293,0.0,0.0,0.0
277,906.9645390070922,360.4468085106383,59.572500000000005,8.709194152086374,5052.0,35.829787234042556,35.44582043343653,0.0005467275079582293,0.0005408685501401775,0.0006264856578721673,False,True,277,PV+/PNN-,59.572500000000005,8.709194152086374,0.0,0.0,0.0
278,912.1610169491526,232.75423728813558,49.855000000000004,7.967267881951225,3226.0,27.338983050847457,25.371601208459214,0.0004171661410062937,0.00038714581839412854,0.0006117833270616167,False,True,278,PV+/PNN-,49.855000000000004,7.967267881951225,0.0,0.0,0.0
279,919.030303030303,636.6363636363636,83.65500000000002,10.320506485382394,4540.0,22.92929292929293,19.93577981651376,0.0003498785828838473,0.00030420050074790204,0.0004060595271398659,False,True,279,PV+/PNN-,83.65500000000002,10.320506485382394,0.0,0.0,0.0
280,920.0064102564103,119.32051282051282,65.91000000000001,9.160743331929707,4102.0,26.294871794871796,20.460481099656356,0.0004012340244887739,0.0003122069291165996,0.0004744968924415022,False,True,280,PV+/PNN-,65.91000000000001,9.160743331929707,0.0,0.0,0.0
281,925.2086330935252,261.2661870503597,58.727500000000006,8.647206217237697,5313.0,38.223021582733814,41.47211895910781,0.0005832459232888352,0.0006328239712994249,0.0008100454861562799,False,True,281,PV+/PNN-,58.727500000000006,8.647206217237697,0.0,0.0,0.0
282,934.223076923077,243.02307692307693,54.925000000000004,8.362576277354894,5002.0,38.47692307692308,43.90942028985507,0.0005871202117482731,0.0006700148056741446,0.0006317235065232318,False,True,282,PV+/PNN-,54.925000000000004,8.362576277354894,0.0,0.0,0.0
283,937.2903225806451,190.74193548387098,13.097500000000002,4.083657054304242,1023.0,33.0,34.47337278106509,0.000503547722590982,0.0005260299501192505,0.0007737800781163475,False,True,283,PV+/PNN-,13.097500000000002,4.083657054304242,0.0,0.0,0.0
284,947.52,288.5028571428571,73.93750000000001,9.702584647343,7656.0,43.74857142857143,39.2890365448505,0.0006675604093777589,0.0005995122689379797,0.0006557019695037548,False,True,284,PV+/PNN-,73.93750000000001,9.702584647343,0.0,0.0,0.0
285,950.0449438202247,610.8426966292135,75.20500000000001,9.785396259825553,3019.0,16.96067415730337,17.905349794238685,0.0002588032983490252,0.0002732181245782969,0.0004962611110110988,False,True,285,PV+/PNN-,75.20500000000001,9.785396259825553,0.0,0.0,0.0
286,955.2641509433962,488.0,111.9625,11.93964331659077,5410.0,20.41509433962264,22.80758807588076,0.00031151437155142503,0.0003480214858606967,0.00042270369714584314,False,True,286,PV+/PNN-,111.9625,11.93964331659077,0.0,0.0,0.0
287,953.811320754717,627.5283018867924,67.17750000000001,9.24840794496255,2147.0,13.50314465408805,12.79607843137255,0.00020604477995098878,0.00019525564097615854,0.0002856028249343934,False,True,287,PV+/PNN-,67.17750000000001,9.24840794496255,0.0,0.0,0.0
288,983.3874345549738,348.32984293193715,80.6975,10.136431727253225,14610.0,76.49214659685863,50.89677419354839,0.0011671953398467785,0.0007766349918905683,0.0007167745783097397,False,True,288,PV+/PNN-,80.6975,10.136431727253225,0.0,0.0,0.0
289,998.1705882352941,546.3470588235294,71.825,9.562971834142516,5175.0,30.441176470588236,28.623529411764707,0.00046450257832590577,0.0004367670620548517,0.0007975082914832218,False,True,289,PV+/PNN-,71.825,9.562971834142516,0.0,0.0,0.0
290,1024.5257731958764,635.4226804123712,81.965,10.215727056074748,2122.0,10.938144329896907,11.505338078291816,0.00016690538383912272,0.00017556020566554995,0.0004329157552547273,False,True,290,PV+/PNN-,81.965,10.215727056074748,0.0,0.0,0.0
291,1036.7558139534883,683.2790697674419,36.335,6.801702644040839,982.0,11.418604651162791,8.072463768115941,0.00017423673840181265,0.00012317790139796967,0.0003245203610355553,False,True,291,PV+/PNN-,36.335,6.801702644040839,0.0,0.0,0.0
292,1042.8975409836066,163.86885245901638,103.09,11.456799931339813,8197.0,33.59426229508197,36.84196185286103,0.0005126155839640188,0.0005621723026300608,0.0009576286979676734,False,True,292,PV+/PNN-,103.09,11.456799931339813,0.0,0.0,0.0
293,1046.3410404624278,117.38728323699422,73.0925,9.646981985240508,10596.0,61.2485549132948,47.83081570996979,0.0009345930405629785,0.0007298514642552803,0.0005835473345002516,False,True,293,PV+/PNN-,73.0925,9.646981985240508,0.0,0.0,0.0
