label,centroid_y,centroid_x,area_um2,diameter_um,dapi_mean_intensity,wfa_sum_intensity,is_pnn_plus,is_pv_plus
1,88.81818181818181,602.5636363636364,23.2375,5.439384516724603,4.345454545454546,20282.0,False,False
2,127.91176470588235,602.2352941176471,14.365000000000002,4.276691017611702,7.676470588235294,26984.0,False,False
3,140.2962962962963,875.8148148148148,22.815,5.389708731752834,11.981481481481481,30343.0,False,False
4,143.873417721519,849.0126582278481,33.377500000000005,6.519014718835807,10.215189873417721,35578.0,False,False
5,146.68421052631578,806.3421052631579,16.055000000000003,4.5212676198963315,15.342105263157896,38494.0,False,False
6,149.37179487179486,308.7692307692308,32.955000000000005,6.477623730716943,6.769230769230769,23320.0,False,False
7,152.45833333333334,321.2604166666667,40.56,7.186278309003779,8.354166666666666,24638.0,False,False
8,152.28985507246378,786.1884057971015,29.152500000000003,6.092463855279885,11.594202898550725,36564.0,False,False
9,153.90066225165563,885.8741721854304,63.79750000000001,9.01274097349089,10.543046357615895,30661.0,False,False
10,155.5,815.5,21.970000000000002,5.288957628666685,11.75,43099.0,False,False
11,159.25,794.25,10.14,3.5931391545018894,13.083333333333334,44366.0,False,False
12,163.60526315789474,839.8157894736842,32.11000000000001,6.394037987175715,14.013157894736842,42846.0,False,False
13,163.2127659574468,315.6170212765957,19.8575,5.028255588131782,7.191489361702128,24229.0,False,False
14,165.41489361702128,335.09574468085106,39.715,7.1110272478142695,9.47872340425532,23862.0,False,False
15,172.4090909090909,829.9242424242424,27.885,5.958547197508803,16.59090909090909,49693.0,False,False
16,175.83561643835617,876.027397260274,30.842500000000005,6.266569289371519,9.013698630136986,41954.0,False,False
17,178.8111111111111,807.8888888888889,38.025000000000006,6.958084052995808,21.033333333333335,63778.0,False,False
18,179.13636363636363,902.0909090909091,46.475,7.692451354514157,8.527272727272727,41902.0,False,False
19,180.66233766233765,292.09090909090907,32.532500000000006,6.4359665543799,6.3896103896103895,24994.0,False,False
20,184.1320754716981,332.37735849056605,44.785000000000004,7.5512934660867375,7.245283018867925,23429.0,False,False
21,184.3953488372093,304.86046511627904,18.1675,4.809530063215748,8.046511627906977,23959.0,False,False
22,185.63541666666666,785.9270833333334,40.56,7.186278309003779,10.0,62314.0,False,False
23,185.9855072463768,315.768115942029,29.152500000000003,6.092463855279885,7.0144927536231885,23677.0,False,False
24,191.91044776119404,908.9104477611941,28.307500000000005,6.003518003020447,13.64179104477612,45847.0,False,False
25,194.17073170731706,327.6707317073171,34.645,6.641640160935379,6.7682926829268295,23348.0,False,False
26,196.59230769230768,846.2076923076924,54.925000000000004,8.362576277354894,14.415384615384616,49650.0,False,False
27,194.91764705882352,878.8705882352941,35.9125,6.762042232218129,19.08235294117647,46015.0,False,False
28,195.85294117647058,287.47058823529414,14.365000000000002,4.276691017611702,7.911764705882353,26233.0,False,False
29,197.13725490196077,820.9019607843137,21.547500000000003,5.237855390346407,20.372549019607842,69882.0,False,False
30,199.23076923076923,887.6153846153846,27.462500000000002,5.913234393907399,25.476923076923075,44596.0,False,True
31,197.3939393939394,929.4545454545455,13.9425,4.2133291293785735,9.818181818181818,50947.0,False,False
32,201.94666666666666,342.6533333333333,31.687500000000004,6.351832654737959,5.92,23687.0,False,False
33,205.98039215686273,925.1764705882352,21.547500000000003,5.237855390346407,13.529411764705882,50280.0,False,False
34,207.75714285714287,911.1714285714286,29.575000000000003,6.136453335237093,13.314285714285715,48222.0,False,True
35,226.92222222222222,887.4555555555555,38.025000000000006,6.958084052995808,12.044444444444444,71268.0,False,False
36,236.6547619047619,576.7142857142857,35.49,6.722147829574334,15.535714285714286,80675.0,False,False
37,236.625,868.3977272727273,37.18000000000001,6.880337656921596,34.31818181818182,80533.0,False,True
38,238.37209302325581,604.2558139534884,36.335,6.801702644040839,18.709302325581394,46369.0,False,True
39,249.25301204819277,861.4216867469879,35.0675,6.682015245043993,42.86746987951807,90685.0,False,False
40,249.54166666666666,615.8194444444445,30.42,6.223499574262349,14.375,47497.0,False,False
41,253.79090909090908,873.9545454545455,46.475,7.692451354514157,48.29090909090909,92032.0,True,False
42,257.2916666666667,607.3194444444445,30.42,6.223499574262349,12.222222222222221,47084.0,False,False
43,261.1066666666667,629.1066666666667,31.687500000000004,6.351832654737959,15.76,51737.0,False,False
44,262.5,819.5,9.295000000000002,3.440168828460798,19.227272727272727,61987.0,False,False
45,266.44642857142856,573.875,23.660000000000004,5.488610719338178,18.464285714285715,61557.0,False,False
46,267.5777777777778,587.8777777777777,38.025000000000006,6.958084052995808,12.3,48464.0,False,False
47,266.85714285714283,615.4761904761905,26.617500000000003,5.8215507884058,11.444444444444445,51737.0,False,False
48,268.4807692307692,898.5961538461538,21.970000000000002,5.288957628666685,20.192307692307693,76891.0,False,False
49,282.0315789473684,689.5578947368421,40.1375,7.148751795020415,16.073684210526316,71289.0,False,False
50,284.1777777777778,655.8,57.03750000000001,8.521877758618217,12.281481481481482,56144.0,False,False
51,286.4741379310345,701.9310344827586,49.010000000000005,7.8994601136704485,25.301724137931036,95402.0,False,False
52,287.76666666666665,791.9888888888889,38.025000000000006,6.958084052995808,22.211111111111112,73559.0,False,False
53,292.02127659574467,246.17021276595744,19.8575,5.028255588131782,11.914893617021276,40844.0,False,False
54,292.9264705882353,593.2352941176471,28.730000000000004,6.048154439185661,10.617647058823529,50040.0,False,False
55,295.1923076923077,575.7820512820513,32.955000000000005,6.477623730716943,12.897435897435898,56151.0,False,False
56,295.55913978494624,727.483870967742,39.292500000000004,7.073101498742004,40.516129032258064,129337.0,False,False
57,293.71794871794873,768.9615384615385,32.955000000000005,6.477623730716943,16.935897435897434,95261.0,False,False
58,295.9888888888889,681.0555555555555,38.025000000000006,6.958084052995808,16.655555555555555,61804.0,False,False
59,296.63917525773195,798.3814432989691,40.9825,7.22360987610134,27.804123711340207,83946.0,False,False
60,294.8157894736842,603.078947368421,16.055000000000003,4.5212676198963315,15.473684210526315,50248.0,False,False
61,298.6693548387097,693.483870967742,52.39000000000001,8.167314108608483,18.25,84772.0,False,False
62,298.4390243902439,512.6829268292682,17.3225,4.696348795998318,15.048780487804878,51159.0,False,False
63,301.23423423423424,622.8558558558559,46.89750000000001,7.727337934192946,18.504504504504503,56631.0,False,False
64,300.75,714.25,30.42,6.223499574262349,28.0,115487.0,False,False
65,304.05,558.7666666666667,25.35,5.681251839078812,16.9,59783.0,False,False
66,306.6272727272727,762.9272727272727,46.475,7.692451354514157,29.78181818181818,110145.0,False,False
67,311.6231884057971,741.1642512077294,87.45750000000001,10.552456940621719,62.06280193236715,120447.0,False,False
68,309.6,700.3846153846154,54.925000000000004,8.362576277354894,21.953846153846154,89626.0,False,False
69,307.93023255813955,732.6511627906976,36.335,6.801702644040839,49.97674418604651,127329.0,False,False
70,311.0416666666667,715.7416666666667,50.7,8.034503402082343,30.258333333333333,111755.0,False,False
71,312.2241379310345,789.5172413793103,24.505000000000003,5.58576181408903,44.310344827586206,107647.0,False,True
72,316.3105590062112,809.944099378882,68.02250000000001,9.306392261867519,42.68944099378882,119611.0,False,False
73,314.0,264.5833333333333,15.21,4.4006787516724994,12.527777777777779,45434.0,False,False
74,316.0,604.8787878787879,27.885,5.958547197508803,13.075757575757576,56317.0,False,False
75,319.6666666666667,765.8333333333334,35.49,6.722147829574334,37.04761904761905,115431.0,False,False
76,321.16129032258067,677.6612903225806,26.195000000000004,5.775163190277621,24.79032258064516,72399.0,False,False
77,324.63945578231295,729.9251700680272,62.10750000000001,8.892565716633143,31.700680272108844,115678.0,False,False
78,322.741935483871,581.3548387096774,13.097500000000002,4.083657054304242,16.838709677419356,60044.0,False,False
79,323.6,666.96,10.562500000000002,3.6672322930604158,26.48,70813.0,False,False
80,326.11224489795916,782.4591836734694,41.405,7.260749503306075,22.285714285714285,119496.0,False,False
81,327.06849315068496,592.3150684931506,30.842500000000005,6.266569289371519,19.80821917808219,62550.0,False,False
82,327.17391304347825,690.5217391304348,38.870000000000005,7.034971293747812,22.07608695652174,81368.0,False,False
83,328.0571428571429,749.7333333333333,44.362500000000004,7.51558975086544,31.695238095238096,123552.0,False,False
84,327.4516129032258,571.7741935483871,13.097500000000002,4.083657054304242,18.806451612903224,62868.0,False,False
85,336.7535211267606,778.6338028169014,59.995000000000005,8.740023254338977,24.97887323943662,110154.0,False,False
86,336.9344262295082,644.4016393442623,51.545,8.101180922147954,22.950819672131146,93793.0,False,False
87,335.51063829787233,676.9468085106383,39.715,7.1110272478142695,19.670212765957448,85155.0,False,False
88,336.175,759.1,50.7,8.034503402082343,32.09166666666667,116035.0,False,False
89,340.36206896551727,660.3189655172414,49.010000000000005,7.8994601136704485,27.051724137931036,93249.0,False,False
90,340.5342465753425,699.8356164383562,30.842500000000005,6.266569289371519,25.328767123287673,97097.0,False,False
91,343.9519230769231,692.5,43.940000000000005,7.479715609277069,22.096153846153847,97240.0,False,False
92,341.75,48.0,20.28,5.081466123790367,9.041666666666666,29081.0,False,False
93,342.6222222222222,224.57777777777778,19.012500000000003,4.920108417939312,16.0,49787.0,False,False
94,343.20535714285717,613.3303571428571,47.32000000000001,7.762067717874401,25.910714285714285,85580.0,True,False
95,345.5090909090909,548.5909090909091,46.475,7.692451354514157,19.181818181818183,80333.0,False,False
96,345.22680412371136,576.8144329896908,40.9825,7.22360987610134,21.412371134020617,74638.0,False,False
97,347.19444444444446,651.8263888888889,60.84,8.801357503344999,35.701388888888886,98814.0,True,False
98,344.4153846153846,430.46153846153845,27.462500000000002,5.913234393907399,14.323076923076924,91559.0,False,False
99,345.4516129032258,516.5967741935484,26.195000000000004,5.775163190277621,21.032258064516128,97643.0,False,False
100,346.970297029703,684.4356435643564,42.67250000000001,7.371045683803026,27.06930693069307,97624.0,False,False
101,346.98924731182797,245.10752688172042,39.292500000000004,7.073101498742004,16.774193548387096,57041.0,False,False
102,348.35714285714283,668.6785714285714,35.49,6.722147829574334,34.04761904761905,95414.0,False,True
103,349.1294117647059,234.0235294117647,35.9125,6.762042232218129,18.32941176470588,53745.0,False,False
104,350.5686274509804,787.8333333333334,43.095000000000006,7.407446130776911,43.26470588235294,101125.0,False,False
105,349.8690476190476,827.4404761904761,35.49,6.722147829574334,23.63095238095238,99490.0,False,False
106,350.41975308641975,299.0246913580247,34.222500000000004,6.601018127508749,106.77777777777777,129026.0,True,True
107,348.95454545454544,760.6363636363636,18.590000000000003,4.865133414062422,26.681818181818183,109199.0,False,False
108,350.18,490.2,21.125000000000004,5.186249645218625,28.84,91332.0,False,False
109,350.92063492063494,527.1746031746031,26.617500000000003,5.8215507884058,30.873015873015873,94304.0,True,False
110,352.03409090909093,204.86363636363637,37.18000000000001,6.880337656921596,11.897727272727273,41994.0,False,False
111,351.81944444444446,749.6111111111111,30.42,6.223499574262349,34.166666666666664,116425.0,False,False
112,353.81111111111113,593.7444444444444,38.025000000000006,6.958084052995808,21.366666666666667,85708.0,False,False
113,355.08247422680415,778.2577319587629,40.9825,7.22360987610134,27.20618556701031,93718.0,False,False
114,354.0655737704918,459.88524590163934,25.7725,5.728399965669906,27.770491803278688,70523.0,False,False
115,354.12048192771084,568.843373493976,35.0675,6.682015245043993,26.53012048192771,81136.0,False,False
116,355.08045977011494,550.7126436781609,36.7575,6.8411331346205175,27.74712643678161,82885.0,False,False
117,355.77777777777777,608.7070707070707,41.82750000000001,7.297700121093632,29.11111111111111,97523.0,True,False
118,354.57142857142856,721.9428571428572,14.787500000000001,4.339127765780955,42.885714285714286,126792.0,True,False
119,356.5813953488372,368.2093023255814,18.1675,4.809530063215748,10.651162790697674,61222.0,False,False
120,358.16037735849056,486.66037735849056,44.785000000000004,7.5512934660867375,19.735849056603772,88819.0,False,False
121,358.0105263157895,626.0842105263158,40.1375,7.148751795020415,30.410526315789475,103623.0,True,False
122,360.95215311004785,810.5167464114833,88.30250000000001,10.603312449370561,18.066985645933013,94108.0,False,False
123,359.0,444.3225806451613,39.292500000000004,7.073101498742004,25.204301075268816,101832.0,False,False
124,359.4036697247706,643.4220183486239,46.0525,7.6574058357851245,55.80733944954128,102528.0,True,True
125,358.9222222222222,700.5333333333333,38.025000000000006,6.958084052995808,68.9,104274.0,True,False
126,359.6860465116279,187.30232558139534,36.335,6.801702644040839,10.709302325581396,41326.0,False,False
127,360.56666666666666,226.65,50.7,8.034503402082343,11.625,53498.0,False,False
128,359.8958333333333,469.6458333333333,20.28,5.081466123790367,25.354166666666668,73722.0,False,False
129,361.75342465753425,672.6986301369863,30.842500000000005,6.266569289371519,26.328767123287673,99440.0,False,False
130,363.64220183486236,265.8256880733945,46.0525,7.6574058357851245,30.31192660550459,90481.0,True,False
131,361.5409836065574,538.2950819672132,25.7725,5.728399965669906,27.688524590163933,82167.0,False,False
132,363.47474747474746,571.7878787878788,41.82750000000001,7.297700121093632,25.32323232323232,92120.0,False,False
133,361.3611111111111,757.0833333333334,15.21,4.4006787516724994,23.27777777777778,111192.0,False,True
134,363.64130434782606,314.1304347826087,38.870000000000005,7.034971293747812,35.17391304347826,113663.0,True,False
135,363.60227272727275,596.4090909090909,37.18000000000001,6.880337656921596,29.693181818181817,96322.0,False,True
136,364.13157894736844,686.7368421052631,48.165000000000006,7.831065232276457,35.8421052631579,97387.0,False,False
137,366.29464285714283,235.72321428571428,47.32000000000001,7.762067717874401,14.214285714285714,71787.0,False,False
138,365.23333333333335,512.7777777777778,38.025000000000006,6.958084052995808,20.677777777777777,89360.0,False,False
139,365.90410958904107,606.3698630136986,30.842500000000005,6.266569289371519,29.71232876712329,102941.0,True,False
140,365.1375,718.85,33.800000000000004,6.560144557252417,43.0875,128853.0,False,False
141,363.27272727272725,996.7878787878788,13.9425,4.2133291293785735,17.939393939393938,52843.0,False,False
142,368.0923076923077,174.75384615384615,27.462500000000002,5.913234393907399,13.830769230769231,42239.0,False,False
143,370.80645161290323,427.0967741935484,52.39000000000001,8.167314108608483,77.40322580645162,133408.0,True,False
144,368.25,523.8235294117648,28.730000000000004,6.048154439185661,21.0,83087.0,False,False
145,368.81159420289856,764.6521739130435,29.152500000000003,6.092463855279885,26.246376811594203,98558.0,False,True
146,369.734693877551,99.57142857142857,20.7025,5.134125210284583,11.653061224489797,37215.0,False,False
147,369.468085106383,387.06382978723406,19.8575,5.028255588131782,15.914893617021276,105285.0,False,False
148,370.76635514018693,492.2710280373832,45.2075,7.586829161027343,28.514018691588785,78796.0,False,False
149,374.45959595959596,591.7828282828283,83.65500000000002,10.320506485382394,42.92424242424242,99732.0,False,False
150,372.22115384615387,655.6153846153846,43.940000000000005,7.479715609277069,24.91346153846154,95629.0,False,False
151,371.71153846153845,445.8269230769231,21.970000000000002,5.288957628666685,22.23076923076923,105600.0,False,False
152,372.62745098039215,553.2941176470588,43.095000000000006,7.407446130776911,30.19607843137255,84118.0,False,False
153,373.6489361702128,279.02127659574467,39.715,7.1110272478142695,21.106382978723403,110791.0,True,False
154,376.07865168539325,249.2134831460674,37.602500000000006,6.919320051920128,20.49438202247191,90916.0,False,False
155,375.367816091954,723.9540229885057,36.7575,6.8411331346205175,31.75862068965517,125146.0,False,False
156,374.5,618.0,18.590000000000003,4.865133414062422,39.27272727272727,107235.0,True,False
157,378.1885245901639,638.6065573770492,51.545,8.101180922147954,24.040983606557376,107059.0,True,False
158,377.5079365079365,826.6296296296297,79.8525,10.0832217443615,14.703703703703704,52427.0,False,True
159,383.20454545454544,269.5113636363636,74.36000000000001,9.730266828124844,22.09659090909091,101489.0,False,False
160,381.5542857142857,674.9085714285715,73.93750000000001,9.702584647343,18.428571428571427,87306.0,False,False
161,379.050505050505,804.6363636363636,41.82750000000001,7.297700121093632,15.272727272727273,63886.0,False,False
162,377.97435897435895,108.2051282051282,16.477500000000003,4.5803716659648535,13.615384615384615,44898.0,False,False
163,384.3433734939759,577.843373493976,70.135,9.449796583524995,31.427710843373493,96056.0,False,False
164,382.4255319148936,147.04255319148936,19.8575,5.028255588131782,15.127659574468085,56375.0,False,False
165,384.4845360824742,477.45360824742266,40.9825,7.22360987610134,20.47422680412371,71620.0,False,False
166,382.8780487804878,652.9756097560976,51.96750000000001,8.134314724734013,24.463414634146343,91854.0,False,False
167,383.64772727272725,795.0113636363636,37.18000000000001,6.880337656921596,17.068181818181817,67361.0,False,False
168,383.7708333333333,494.4375,20.28,5.081466123790367,33.541666666666664,70686.0,False,False
169,385.4421052631579,607.3789473684211,40.1375,7.148751795020415,24.926315789473684,105042.0,True,False
170,386.3207547169811,512.622641509434,22.392500000000002,5.3395708165996005,18.90566037735849,68750.0,False,False
171,387.69,596.35,42.25000000000001,7.3344645861208315,56.1,101780.0,True,True
172,389.2181818181818,548.790909090909,46.475,7.692451354514157,25.581818181818182,75326.0,False,False
173,389.0933333333333,165.17333333333335,31.687500000000004,6.351832654737959,16.226666666666667,53693.0,False,False
174,389.6164383561644,282.041095890411,30.842500000000005,6.266569289371519,26.08219178082192,95936.0,False,False
175,392.3673469387755,634.4761904761905,62.10750000000001,8.892565716633143,30.85034013605442,94074.0,True,False
176,391.2680412371134,434.41237113402065,40.9825,7.22360987610134,28.1340206185567,117802.0,False,False
177,391.92233009708735,710.8252427184466,43.517500000000005,7.443668577254932,24.067961165048544,95952.0,False,False
178,391.4024390243902,827.609756097561,34.645,6.641640160935379,15.121951219512194,47694.0,False,False
179,390.68,997.68,10.562500000000002,3.6672322930604158,8.16,42675.0,False,False
180,393.23655913978496,250.8709677419355,39.292500000000004,7.073101498742004,86.56989247311827,120864.0,True,True
181,392.26,310.54,21.125000000000004,5.186249645218625,23.32,99905.0,False,False
182,392.2972972972973,322.6216216216216,15.632500000000002,4.4613806364255035,27.864864864864863,101174.0,False,False
183,391.84375,384.78125,13.520000000000001,4.148999716174901,20.9375,139534.0,False,False
184,391.83870967741933,407.6774193548387,13.097500000000002,4.083657054304242,47.67741935483871,137450.0,False,False
185,394.0982142857143,659.6517857142857,47.32000000000001,7.762067717874401,27.473214285714285,75724.0,False,False
186,395.7692307692308,234.37692307692308,54.925000000000004,8.362576277354894,32.4,117337.0,False,False
187,397.0,680.4830508474577,49.855000000000004,7.967267881951225,17.23728813559322,74562.0,False,False
188,395.92857142857144,448.5,41.405,7.260749503306075,19.43877551020408,83800.0,False,False
189,396.85,592.05,42.25000000000001,7.3344645861208315,49.0,96307.0,True,False
190,395.90384615384613,367.15384615384613,21.970000000000002,5.288957628666685,76.32692307692308,142003.0,False,False
191,397.1290322580645,495.7258064516129,26.195000000000004,5.775163190277621,17.725806451612904,66803.0,False,False
192,397.95098039215685,557.9803921568628,43.095000000000006,7.407446130776911,18.04901960784314,74423.0,False,False
193,398.3292682926829,295.7560975609756,34.645,6.641640160935379,29.865853658536587,91460.0,False,False
194,401.10526315789474,422.0,40.1375,7.148751795020415,40.68421052631579,119941.0,False,True
195,400.90384615384613,611.6346153846154,43.940000000000005,7.479715609277069,31.365384615384617,96881.0,False,False
196,399.9047619047619,66.77777777777777,26.617500000000003,5.8215507884058,10.841269841269842,34987.0,False,False
197,407.8536585365854,216.1829268292683,103.93500000000002,11.50365820433001,21.80081300813008,94998.0,False,False
198,399.98275862068965,465.98275862068965,24.505000000000003,5.58576181408903,25.896551724137932,66521.0,False,False
199,401.53508771929825,811.3508771929825,48.165000000000006,7.831065232276457,10.570175438596491,52428.0,False,False
200,401.5076923076923,142.26153846153846,27.462500000000002,5.913234393907399,12.861538461538462,59307.0,False,False
201,404.050505050505,276.989898989899,41.82750000000001,7.297700121093632,35.13131313131313,104469.0,False,False
202,403.3333333333333,314.47435897435895,32.955000000000005,6.477623730716943,27.41025641025641,122919.0,False,False
203,402.75,409.0,20.28,5.081466123790367,34.0,123730.0,False,False
204,406.7758620689655,656.4022988505748,73.515,9.6748232609803,35.41379310344828,70899.0,True,True
205,404.35593220338984,547.542372881356,24.927500000000002,5.633709146857493,25.88135593220339,67377.0,False,False
206,405.15533980582524,569.6504854368932,43.517500000000005,7.443668577254932,22.223300970873787,78647.0,False,False
207,408.14375,597.3125,67.60000000000001,9.277445403994411,23.85,89272.0,False,False
208,406.55223880597015,256.3880597014925,28.307500000000005,6.003518003020447,43.208955223880594,134486.0,False,False
209,406.0701754385965,708.1754385964912,24.082500000000003,5.537399329656889,33.96491228070175,83667.0,False,False
210,406.0869565217391,538.0,19.435000000000002,4.974475907261778,23.608695652173914,63722.0,False,False
211,408.0,124.79166666666667,30.42,6.223499574262349,13.555555555555555,55224.0,False,False
212,408.7676767676768,674.3535353535353,41.82750000000001,7.297700121093632,13.83838383838384,67787.0,False,False
213,409.3466666666667,493.05333333333334,31.687500000000004,6.351832654737959,16.746666666666666,62690.0,False,False
214,409.0285714285714,645.7142857142857,29.575000000000003,6.136453335237093,34.01428571428571,76144.0,False,False
215,411.7894736842105,507.63157894736844,16.055000000000003,4.5212676198963315,16.210526315789473,57914.0,False,False
216,415.30434782608694,638.5326086956521,38.870000000000005,7.034971293747812,19.48913043478261,76322.0,False,False
217,417.0,293.1684210526316,40.1375,7.148751795020415,20.263157894736842,113694.0,False,False
218,414.3898305084746,352.3728813559322,24.927500000000002,5.633709146857493,53.389830508474574,203862.0,False,False
219,416.52941176470586,446.4117647058824,50.2775,8.000956268498294,22.48739495798319,79846.0,False,False
220,416.09090909090907,470.46590909090907,37.18000000000001,6.880337656921596,18.78409090909091,65809.0,False,False
221,417.19101123595505,691.2808988764045,37.602500000000006,6.919320051920128,18.60674157303371,67690.0,False,False
222,417.4788732394366,672.3239436619718,29.997500000000002,6.180129710871209,15.971830985915492,61053.0,False,False
223,418.62295081967216,228.85245901639345,25.7725,5.728399965669906,25.852459016393443,129166.0,False,False
224,418.8426966292135,242.8426966292135,37.602500000000006,6.919320051920128,92.46067415730337,129484.0,True,True
225,421.25136612021856,265.60655737704917,77.31750000000001,9.92187978661609,29.360655737704917,123570.0,False,False
226,417.25,399.75,16.900000000000002,4.638722701997206,26.325,123944.0,False,False
227,422.0315789473684,532.1684210526316,40.1375,7.148751795020415,20.31578947368421,59350.0,False,False
228,423.9512195121951,646.520325203252,51.96750000000001,8.134314724734013,15.260162601626016,64243.0,False,False
229,423.92105263157896,676.2894736842105,32.11000000000001,6.394037987175715,18.157894736842106,59728.0,False,False
230,423.9736842105263,325.7631578947368,32.11000000000001,6.394037987175715,122.39473684210526,198086.0,False,False
231,428.1818181818182,308.64335664335664,60.417500000000004,8.770743993187619,49.74125874125874,178519.0,False,False
232,427.45283018867923,458.33962264150944,44.785000000000004,7.5512934660867375,29.10377358490566,72920.0,False,False
233,428.32307692307694,710.9076923076923,27.462500000000002,5.913234393907399,34.52307692307692,68340.0,True,True
234,428.9714285714286,392.35714285714283,29.575000000000003,6.136453335237093,29.114285714285714,125206.0,False,False
235,431.9189189189189,162.27027027027026,31.265000000000004,6.309345002941657,16.89189189189189,83523.0,False,False
236,433.44,328.648,52.81250000000001,8.200180696565521,161.08,234423.0,True,True
237,433.57142857142856,347.3984962406015,56.1925,8.458517193783473,83.0827067669173,231504.0,True,False
238,433.4766355140187,579.9626168224299,45.2075,7.586829161027343,14.74766355140187,60139.0,False,False
239,432.4727272727273,767.4363636363636,23.2375,5.439384516724603,12.072727272727272,59799.0,False,False
240,433.425,667.4375,33.800000000000004,6.560144557252417,13.3125,51477.0,False,False
241,434.47058823529414,401.4313725490196,21.547500000000003,5.237855390346407,26.098039215686274,105761.0,False,False
242,437.2621359223301,439.90291262135923,43.517500000000005,7.443668577254932,25.854368932038835,80922.0,True,False
243,438.4,477.81666666666666,50.7,8.034503402082343,17.983333333333334,61434.0,False,True
244,437.1518987341772,546.3037974683544,33.377500000000005,6.519014718835807,22.025316455696203,53925.0,False,False
245,437.0843373493976,638.433734939759,35.0675,6.682015245043993,14.349397590361447,55339.0,False,False
246,439.19166666666666,590.5333333333333,50.7,8.034503402082343,20.1,61727.0,False,False
247,436.719298245614,728.4035087719299,24.082500000000003,5.537399329656889,15.912280701754385,66832.0,False,False
248,441.4141414141414,661.3232323232323,41.82750000000001,7.297700121093632,16.060606060606062,49325.0,False,False
249,440.05102040816325,687.1734693877551,41.405,7.260749503306075,12.091836734693878,54630.0,False,False
250,443.2037037037037,279.4320987654321,68.44500000000001,9.335249361393526,66.45679012345678,137338.0,False,False
251,440.2153846153846,486.95384615384614,27.462500000000002,5.913234393907399,14.984615384615385,58933.0,False,True
252,443.17727272727274,565.9863636363636,92.95,10.878769033449206,14.331818181818182,54593.0,False,False
253,442.27272727272725,315.050505050505,41.82750000000001,7.297700121093632,80.52525252525253,202252.0,False,False
254,443.38666666666666,378.06666666666666,31.687500000000004,6.351832654737959,40.946666666666665,156652.0,False,False
255,445.3833333333333,459.54583333333335,101.4,11.362503678157625,26.295833333333334,71519.0,True,True
256,441.92105263157896,80.34210526315789,16.055000000000003,4.5212676198963315,11.052631578947368,52953.0,False,False
257,442.80357142857144,412.5,23.660000000000004,5.488610719338178,26.339285714285715,96515.0,False,False
258,450.2742857142857,341.48571428571427,73.93750000000001,9.702584647343,94.58285714285714,244105.0,False,False
259,446.52,609.4133333333333,31.687500000000004,6.351832654737959,19.69333333333333,61839.0,False,False
260,446.96875,646.171875,27.040000000000003,5.867571668896666,17.421875,49664.0,False,False
261,446.93333333333334,366.44444444444446,19.012500000000003,4.920108417939312,49.6,172228.0,False,False
262,447.92857142857144,154.97619047619048,17.745,4.753276314430444,23.476190476190474,83400.0,False,False
263,449.3690476190476,330.60714285714283,35.49,6.722147829574334,62.142857142857146,254270.0,True,False
264,448.22857142857146,718.4285714285714,14.787500000000001,4.339127765780955,13.514285714285714,60916.0,False,False
265,451.2641509433962,355.66037735849056,22.392500000000002,5.3395708165996005,98.0,187888.0,False,True
266,456.0062893081761,283.9119496855346,67.17750000000001,9.24840794496255,55.21383647798742,152676.0,False,False
267,453.90909090909093,443.78512396694214,51.1225,8.067911044732915,19.330578512396695,87574.0,True,False
268,454.48979591836735,315.85714285714283,41.405,7.260749503306075,119.16326530612245,220465.0,True,False
269,456.1636363636364,575.0090909090909,46.475,7.692451354514157,13.50909090909091,56454.0,False,False
270,455.87401574803147,619.2913385826772,53.657500000000006,8.265521814841879,16.724409448818896,58988.0,False,False
271,453.8837209302326,632.8837209302326,18.1675,4.809530063215748,14.930232558139535,52804.0,False,False
272,456.8,398.4470588235294,35.9125,6.762042232218129,36.741176470588236,107723.0,False,False
273,457.1132075471698,555.5377358490566,44.785000000000004,7.5512934660867375,12.433962264150944,50680.0,False,False
274,458.3018867924528,489.50943396226415,44.785000000000004,7.5512934660867375,14.20754716981132,51072.0,False,False
275,458.9866666666667,225.18666666666667,31.687500000000004,6.351832654737959,136.26666666666668,185841.0,True,False
276,458.45588235294116,601.9117647058823,28.730000000000004,6.048154439185661,21.38235294117647,60186.0,False,False
277,459.82758620689657,138.49425287356323,36.7575,6.8411331346205175,20.0,70213.0,False,False
278,458.8125,373.296875,27.040000000000003,5.867571668896666,30.5625,149685.0,False,False
279,459.75531914893617,680.3510638297872,39.715,7.1110272478142695,13.617021276595745,44296.0,False,False
280,459.94736842105266,423.2421052631579,40.1375,7.148751795020415,25.073684210526316,103808.0,True,False
281,462.2352941176471,190.5,28.730000000000004,6.048154439185661,50.544117647058826,143239.0,False,False
282,462.03636363636366,362.8727272727273,23.2375,5.439384516724603,32.054545454545455,165085.0,False,False
283,462.8,612.7555555555556,19.012500000000003,4.920108417939312,26.844444444444445,60941.0,False,False
284,463.38028169014086,736.7746478873239,29.997500000000002,6.180129710871209,15.788732394366198,53570.0,False,False
285,463.5846153846154,245.13846153846154,27.462500000000002,5.913234393907399,50.98461538461538,183848.0,False,False
286,463.6734693877551,258.0408163265306,20.7025,5.134125210284583,37.816326530612244,164266.0,False,False
287,464.0208333333333,355.4166666666667,20.28,5.081466123790367,49.354166666666664,179288.0,False,False
288,465.44444444444446,452.6666666666667,45.63,7.622199185685551,27.5,85210.0,False,False
289,466.28205128205127,298.5769230769231,32.955000000000005,6.477623730716943,34.46153846153846,182623.0,False,False
290,465.7936507936508,640.1111111111111,26.617500000000003,5.8215507884058,18.6984126984127,50467.0,False,False
291,466.4366197183099,752.9859154929577,29.997500000000002,6.180129710871209,17.816901408450704,53567.0,False,False
292,469.95959595959596,330.1212121212121,41.82750000000001,7.297700121093632,81.55555555555556,216549.0,False,False
293,469.76056338028167,288.6056338028169,29.997500000000002,6.180129710871209,35.478873239436616,162986.0,False,False
294,470.2881355932203,398.08474576271186,24.927500000000002,5.633709146857493,49.728813559322035,109302.0,False,True
295,470.4769230769231,487.4307692307692,27.462500000000002,5.913234393907399,13.123076923076923,48804.0,False,False
296,471.6823529411765,611.0117647058823,35.9125,6.762042232218129,24.305882352941175,60399.0,False,True
297,472.359375,247.640625,27.040000000000003,5.867571668896666,56.265625,177676.0,False,False
298,471.6296296296296,375.4259259259259,22.815,5.389708731752834,38.333333333333336,131349.0,False,False
299,471.92452830188677,412.8867924528302,22.392500000000002,5.3395708165996005,19.264150943396228,117593.0,True,False
300,473.96629213483146,582.3595505617977,37.602500000000006,6.919320051920128,18.179775280898877,59207.0,False,False
301,474.8783783783784,384.7432432432432,31.265000000000004,6.309345002941657,40.17567567567568,119640.0,False,False
302,477.26,297.3,42.25000000000001,7.3344645861208315,34.29,168650.0,False,False
303,479.4470588235294,97.31764705882352,35.9125,6.762042232218129,24.16470588235294,75415.0,True,False
304,480.5844155844156,565.7272727272727,32.532500000000006,6.4359665543799,14.376623376623376,56174.0,False,False
305,481.6,398.24,31.687500000000004,6.351832654737959,41.973333333333336,113725.0,False,False
306,483.91,319.24,42.25000000000001,7.3344645861208315,96.25,180458.0,False,False
307,486.4512195121951,332.5243902439024,34.645,6.641640160935379,126.0,178873.0,True,True
308,486.1034482758621,366.41379310344826,24.505000000000003,5.58576181408903,41.91379310344828,143152.0,False,False
309,489.4871794871795,353.1111111111111,49.432500000000005,7.933436443000028,31.692307692307693,175850.0,False,False
310,489.8059701492537,118.92537313432835,28.307500000000005,6.003518003020447,20.26865671641791,95636.0,False,False
311,491.5967741935484,295.241935483871,26.195000000000004,5.775163190277621,37.25806451612903,145096.0,False,False
312,491.68918918918916,382.7432432432432,31.265000000000004,6.309345002941657,23.08108108108108,137037.0,False,False
313,493.2040816326531,338.4591836734694,41.405,7.260749503306075,44.56122448979592,179099.0,False,False
314,493.9222222222222,102.14444444444445,38.025000000000006,6.958084052995808,33.4,89147.0,False,False
315,494.27659574468083,171.30851063829786,39.715,7.1110272478142695,43.96808510638298,157728.0,False,False
316,493.73333333333335,407.1333333333333,25.35,5.681251839078812,28.133333333333333,111706.0,True,False
317,496.79347826086956,91.83695652173913,38.870000000000005,7.034971293747812,24.67391304347826,83657.0,False,False
318,496.52,284.36,31.687500000000004,6.351832654737959,64.32,147443.0,False,False
319,497.44,151.18666666666667,31.687500000000004,6.351832654737959,119.54666666666667,155982.0,False,False
320,500.53125,80.95833333333333,40.56,7.186278309003779,22.479166666666668,83293.0,False,False
321,501.5882352941176,300.21176470588233,35.9125,6.762042232218129,38.48235294117647,145024.0,False,False
322,504.46666666666664,325.3925925925926,57.03750000000001,8.521877758618217,50.20740740740741,157251.0,False,False
323,504.69565217391306,123.20652173913044,38.870000000000005,7.034971293747812,28.97826086956522,125276.0,False,True
324,503.9,191.95,25.35,5.681251839078812,48.0,136591.0,False,False
325,505.05940594059405,202.24752475247524,42.67250000000001,7.371045683803026,42.26732673267327,136143.0,False,False
326,503.4130434782609,415.80434782608694,19.435000000000002,4.974475907261778,19.847826086956523,104004.0,False,False
327,505.9056603773585,161.25471698113208,44.785000000000004,7.5512934660867375,108.16037735849056,170625.0,True,True
328,505.4193548387097,357.4032258064516,26.195000000000004,5.775163190277621,81.59677419354838,153956.0,False,False
329,511.21556886227546,144.82035928143713,70.5575,9.47821708854842,60.125748502994014,165019.0,False,False
330,506.2142857142857,340.75714285714287,29.575000000000003,6.136453335237093,44.42857142857143,172702.0,False,False
331,505.719298245614,386.36842105263156,24.082500000000003,5.537399329656889,58.50877192982456,125901.0,False,True
332,508.98039215686276,177.87254901960785,43.095000000000006,7.407446130776911,33.529411764705884,181930.0,False,False
333,508.4625,260.4125,33.800000000000004,6.560144557252417,40.55,183485.0,False,False
334,511.787037037037,115.20370370370371,45.63,7.622199185685551,42.55555555555556,115017.0,False,True
335,512.6666666666666,99.07843137254902,43.095000000000006,7.407446130776911,41.009803921568626,102473.0,False,False
336,513.3301886792453,315.1792452830189,44.785000000000004,7.5512934660867375,41.25471698113208,129585.0,False,False
337,512.2121212121212,391.6666666666667,27.885,5.958547197508803,37.21212121212121,106582.0,False,False
338,512.0895522388059,409.7014925373134,28.307500000000005,6.003518003020447,21.402985074626866,90045.0,False,False
339,512.8387096774194,192.2258064516129,26.195000000000004,5.775163190277621,39.37096774193548,159854.0,False,False
340,516.5409836065573,75.12295081967213,51.545,8.101180922147954,25.40983606557377,95614.0,False,False
341,520.4774774774775,294.44144144144144,46.89750000000001,7.727337934192946,36.26126126126126,143574.0,False,False
342,517.5535714285714,168.60714285714286,23.660000000000004,5.488610719338178,61.607142857142854,192193.0,False,False
343,520.5038759689922,337.31007751937983,54.502500000000005,8.33035043001963,32.2093023255814,131103.0,False,False
344,522.1584158415842,308.34653465346537,42.67250000000001,7.371045683803026,30.099009900990097,118805.0,False,False
345,523.5445544554456,126.17821782178218,42.67250000000001,7.371045683803026,44.35643564356435,129203.0,False,True
346,523.8279569892474,114.43010752688173,39.292500000000004,7.073101498742004,39.0,121044.0,False,True
347,524.2432432432432,184.99099099099098,46.89750000000001,7.727337934192946,53.88288288288288,188743.0,False,False
348,525.940594059406,104.00990099009901,42.67250000000001,7.371045683803026,51.386138613861384,117773.0,False,True
349,526.9772727272727,147.07954545454547,37.18000000000001,6.880337656921596,35.05681818181818,163494.0,False,False
350,526.7397260273973,375.6986301369863,30.842500000000005,6.266569289371519,40.657534246575345,116984.0,False,True
351,529.7647058823529,331.3529411764706,28.730000000000004,6.048154439185661,43.705882352941174,107577.0,False,False
352,533.1684782608696,132.83695652173913,77.74000000000001,9.948951814523555,34.17391304347826,130675.0,False,False
353,532.4597701149426,172.04597701149424,36.7575,6.8411331346205175,47.48275862068966,178292.0,True,False
354,532.3428571428572,239.0142857142857,29.575000000000003,6.136453335237093,44.614285714285714,168892.0,False,False
355,534.4895833333334,82.21875,40.56,7.186278309003779,26.822916666666668,118302.0,False,False
356,533.31,112.91,42.25000000000001,7.3344645861208315,45.02,124571.0,False,False
357,534.1325301204819,193.3975903614458,35.0675,6.682015245043993,65.44578313253012,185376.0,False,False
358,535.2083333333334,205.625,40.56,7.186278309003779,100.14583333333333,181357.0,False,False
359,537.3731343283582,398.2089552238806,28.307500000000005,6.003518003020447,19.83582089552239,69520.0,False,False
360,538.2127659574468,375.17021276595744,19.8575,5.028255588131782,19.617021276595743,91099.0,False,False
361,540.3883495145631,215.35922330097088,43.517500000000005,7.443668577254932,71.63106796116504,167788.0,False,True
362,543.0,88.44036697247707,46.0525,7.6574058357851245,32.74311926605505,133706.0,False,False
363,542.7065217391304,231.6413043478261,38.870000000000005,7.034971293747812,31.119565217391305,161937.0,False,False
364,541.4237288135594,283.06779661016947,24.927500000000002,5.633709146857493,35.66101694915254,135171.0,False,False
365,543.9213483146067,186.8988764044944,37.602500000000006,6.919320051920128,57.157303370786515,181784.0,False,False
366,545.8392857142857,145.82142857142858,47.32000000000001,7.762067717874401,32.964285714285715,123668.0,False,False
367,546.4354838709677,109.16935483870968,52.39000000000001,8.167314108608483,51.58064516129032,132745.0,False,False
368,547.4444444444445,161.04040404040404,41.82750000000001,7.297700121093632,49.121212121212125,146715.0,False,False
369,551.1681415929204,74.1858407079646,47.74250000000001,7.796642800880295,44.10619469026549,127741.0,False,False
370,550.1964285714286,405.01785714285717,23.660000000000004,5.488610719338178,26.535714285714285,60662.0,False,False
371,553.8469387755102,115.73469387755102,41.405,7.260749503306075,48.57142857142857,142655.0,False,False
372,554.09375,175.11458333333334,40.56,7.186278309003779,53.364583333333336,151946.0,False,False
373,556.6771653543307,56.30708661417323,53.657500000000006,8.265521814841879,34.669291338582674,121870.0,False,False
374,554.4042553191489,98.35106382978724,39.715,7.1110272478142695,44.4468085106383,152367.0,False,False
375,552.4878048780488,371.9024390243902,17.3225,4.696348795998318,14.121951219512194,65128.0,False,False
376,555.6888888888889,158.13333333333333,38.025000000000006,6.958084052995808,37.12222222222222,128803.0,False,False
377,560.6846846846847,190.72972972972974,46.89750000000001,7.727337934192946,33.01801801801802,152914.0,False,False
378,561.8421052631579,23.140350877192983,48.165000000000006,7.831065232276457,76.69298245614036,121119.0,False,False
379,564.4130434782609,49.93478260869565,38.870000000000005,7.034971293747812,26.25,126599.0,False,False
380,564.3305084745763,134.88983050847457,49.855000000000004,7.967267881951225,27.161016949152543,134559.0,False,False
381,563.3548387096774,395.01612903225805,26.195000000000004,5.775163190277621,17.43548387096774,59296.0,False,False
382,566.8888888888889,119.43518518518519,45.63,7.622199185685551,52.388888888888886,178193.0,False,False
383,568.297619047619,37.916666666666664,35.49,6.722147829574334,30.61904761904762,129135.0,False,False
384,570.5447154471544,161.0650406504065,51.96750000000001,8.134314724734013,31.178861788617887,108830.0,False,False
385,570.6022727272727,75.47727272727273,37.18000000000001,6.880337656921596,53.625,146909.0,False,False
386,572.7844827586207,149.3706896551724,49.010000000000005,7.8994601136704485,32.63793103448276,115131.0,False,False
387,572.2093023255813,25.75581395348837,36.335,6.801702644040839,104.55813953488372,124065.0,True,True
388,577.3984375,197.4453125,54.080000000000005,8.297999432349801,20.4375,96827.0,False,False
389,578.0,363.0,19.012500000000003,4.920108417939312,16.711111111111112,52596.0,False,False
390,579.171875,380.90625,27.040000000000003,5.867571668896666,17.953125,50734.0,False,False
391,583.7454545454545,2.309090909090909,23.2375,5.439384516724603,35.45454545454545,81208.0,False,False
392,584.4830508474577,37.00847457627118,49.855000000000004,7.967267881951225,28.177966101694917,122466.0,False,False
393,584.3928571428571,61.19047619047619,35.49,6.722147829574334,27.333333333333332,114095.0,False,False
394,585.5411764705882,110.5764705882353,35.9125,6.762042232218129,99.24705882352941,220469.0,True,True
395,585.3714285714286,400.5,29.575000000000003,6.136453335237093,14.528571428571428,56460.0,False,False
396,587.2125,84.5375,33.800000000000004,6.560144557252417,84.7375,156040.0,False,False
397,589.0,185.6875,67.60000000000001,9.277445403994411,17.34375,74190.0,False,False
398,588.8556701030927,152.23711340206185,40.9825,7.22360987610134,26.072164948453608,123695.0,False,False
399,592.982905982906,8.683760683760683,49.432500000000005,7.933436443000028,29.726495726495727,89506.0,False,True
400,594.8737864077669,144.98058252427185,43.517500000000005,7.443668577254932,35.737864077669904,159446.0,False,False
401,595.6633663366337,40.35643564356435,42.67250000000001,7.371045683803026,16.93069306930693,105875.0,False,False
402,599.2080536912752,84.3489932885906,62.95250000000001,8.952854988211321,29.456375838926174,134749.0,False,False
403,596.2592592592592,359.51851851851853,22.815,5.389708731752834,12.037037037037036,49837.0,False,False
404,596.1578947368421,366.4736842105263,16.055000000000003,4.5212676198963315,14.157894736842104,48796.0,False,False
405,597.3728813559322,412.91525423728814,24.927500000000002,5.633709146857493,20.508474576271187,75144.0,False,False
406,600.280701754386,178.47368421052633,48.165000000000006,7.831065232276457,14.271929824561404,62666.0,False,False
407,599.6075949367089,100.43037974683544,33.377500000000005,6.519014718835807,41.721518987341774,195360.0,False,False
408,605.0546875,64.3984375,54.080000000000005,8.297999432349801,23.203125,96512.0,False,False
409,603.4134615384615,8.048076923076923,43.940000000000005,7.479715609277069,28.875,73993.0,False,False
410,606.0879120879121,43.43956043956044,38.447500000000005,6.996633290104976,30.0,88509.0,False,False
411,604.2558139534884,395.1162790697674,18.1675,4.809530063215748,14.674418604651162,52168.0,False,False
412,607.7875,18.075,33.800000000000004,6.560144557252417,31.2375,85358.0,False,False
413,609.7083333333334,130.70833333333334,50.7,8.034503402082343,148.25833333333333,171409.0,True,True
414,608.4468085106383,408.0425531914894,19.8575,5.028255588131782,19.19148936170213,65578.0,False,False
415,612.8108108108108,202.48648648648648,46.89750000000001,7.727337934192946,18.135135135135137,60579.0,False,False
416,615.2857142857143,93.30252100840336,50.2775,8.000956268498294,24.899159663865547,110941.0,False,False
417,619.4044117647059,106.375,57.46000000000001,8.553382035223404,27.058823529411764,144129.0,False,False
418,618.1607142857143,175.16071428571428,23.660000000000004,5.488610719338178,16.339285714285715,56338.0,False,False
419,623.5086206896551,72.16379310344827,49.010000000000005,7.8994601136704485,17.051724137931036,80850.0,False,False
420,622.6346153846154,10.48076923076923,21.970000000000002,5.288957628666685,32.26923076923077,72696.0,False,False
421,623.9,61.78333333333333,25.35,5.681251839078812,20.866666666666667,81513.0,False,False
422,628.0532544378698,145.4319526627219,71.4025,9.534803961957083,16.254437869822485,105585.0,False,False
423,626.0784313725491,722.843137254902,21.547500000000003,5.237855390346407,16.607843137254903,93326.0,False,False
424,630.0454545454545,196.17532467532467,65.06500000000001,9.101831188183693,13.37012987012987,60209.0,False,False
425,634.0116279069767,398.16279069767444,36.335,6.801702644040839,14.80232558139535,55974.0,False,False
426,634.7972972972973,165.14864864864865,31.265000000000004,6.309345002941657,16.81081081081081,67821.0,False,False
427,633.0408163265306,710.4285714285714,20.7025,5.134125210284583,29.714285714285715,90887.0,False,False
428,634.4242424242424,693.030303030303,13.9425,4.2133291293785735,15.151515151515152,81946.0,False,False
429,638.4545454545455,176.40404040404042,41.82750000000001,7.297700121093632,16.575757575757574,60291.0,False,False
430,640.9,371.22857142857146,29.575000000000003,6.136453335237093,17.214285714285715,55444.0,False,False
431,646.8,65.84615384615384,27.462500000000002,5.913234393907399,20.49230769230769,72272.0,False,False
432,647.8155339805825,189.54368932038835,43.517500000000005,7.443668577254932,18.66990291262136,61367.0,False,False
433,648.1315789473684,156.5,32.11000000000001,6.394037987175715,48.44736842105263,71620.0,True,False
434,647.6222222222223,705.2444444444444,19.012500000000003,4.920108417939312,45.24444444444445,93731.0,True,False
435,650.65625,107.75,40.56,7.186278309003779,12.59375,60564.0,False,False
436,656.0540540540541,150.3918918918919,31.265000000000004,6.309345002941657,53.12162162162162,71646.0,True,False
437,655.1666666666666,416.75,15.21,4.4006787516724994,14.055555555555555,65817.0,False,False
438,661.804347826087,163.1304347826087,19.435000000000002,4.974475907261778,19.869565217391305,70908.0,False,False
439,666.7532467532468,73.63636363636364,32.532500000000006,6.4359665543799,18.337662337662337,64698.0,False,False
440,667.1190476190476,751.952380952381,17.745,4.753276314430444,36.30952380952381,63801.0,False,True
441,670.7173913043479,139.81521739130434,38.870000000000005,7.034971293747812,21.52173913043478,69653.0,False,False
442,671.7445255474453,202.5109489051095,57.88250000000001,8.584770698634475,22.51094890510949,62443.0,False,False
443,669.9354838709677,96.74193548387096,26.195000000000004,5.775163190277621,16.64516129032258,53783.0,False,False
444,673.3176470588236,112.4,35.9125,6.762042232218129,16.24705882352941,50830.0,False,False
445,674.0897435897435,128.6153846153846,32.955000000000005,6.477623730716943,15.961538461538462,62331.0,False,False
446,680.2,166.42105263157896,40.1375,7.148751795020415,18.83157894736842,62611.0,False,False
447,680.1369863013699,749.2191780821918,30.842500000000005,6.266569289371519,14.602739726027398,57458.0,False,True
448,700.9672131147541,716.2131147540983,25.7725,5.728399965669906,13.524590163934427,45639.0,False,False
449,713.7578947368421,748.7368421052631,40.1375,7.148751795020415,11.294736842105262,43831.0,False,False
450,717.3389830508474,703.7118644067797,24.927500000000002,5.633709146857493,13.898305084745763,43303.0,False,False
451,723.3488372093024,722.5736434108527,54.502500000000005,8.33035043001963,12.720930232558139,42154.0,False,False
452,724.05,750.2,25.35,5.681251839078812,16.0,42860.0,False,False
453,730.4285714285714,703.3877551020408,20.7025,5.134125210284583,10.081632653061224,41645.0,False,False
454,731.2432432432432,760.4594594594595,31.265000000000004,6.309345002941657,10.824324324324325,42226.0,False,False
455,748.2903225806451,191.29032258064515,39.292500000000004,7.073101498742004,21.440860215053764,65624.0,False,False
456,748.3267326732673,724.3465346534654,42.67250000000001,7.371045683803026,13.386138613861386,44521.0,False,True
457,748.027027027027,176.75675675675674,15.632500000000002,4.4613806364255035,20.37837837837838,66861.0,False,False
458,752.1288343558282,706.8220858895705,68.8675,9.364017532397558,12.766871165644172,41626.0,False,False
459,749.9861111111111,163.55555555555554,30.42,6.223499574262349,17.47222222222222,62702.0,False,False
460,750.7272727272727,231.06060606060606,27.885,5.958547197508803,15.5,59835.0,False,False
461,753.2894736842105,242.57894736842104,32.11000000000001,6.394037987175715,15.921052631578947,62084.0,False,False
462,752.65625,262.40625,13.520000000000001,4.148999716174901,23.90625,88098.0,False,False
463,753.2386363636364,780.0909090909091,37.18000000000001,6.880337656921596,14.75,41953.0,False,False
464,753.2363636363636,825.2727272727273,23.2375,5.439384516724603,13.818181818181818,43711.0,False,False
465,756.0491803278688,204.672131147541,25.7725,5.728399965669906,18.131147540983605,65237.0,False,False
466,754.952380952381,969.9285714285714,17.745,4.753276314430444,12.333333333333334,46601.0,False,False
467,761.0208333333334,226.91666666666666,40.56,7.186278309003779,21.072916666666668,60824.0,False,False
468,758.6333333333333,654.7833333333333,25.35,5.681251839078812,16.766666666666666,53033.0,False,True
469,760.4468085106383,146.5531914893617,19.8575,5.028255588131782,16.382978723404257,53234.0,False,False
470,760.3220338983051,259.47457627118644,24.927500000000002,5.633709146857493,22.661016949152543,75972.0,False,False
471,762.3021582733813,749.5395683453237,58.727500000000006,8.647206217237697,14.143884892086332,45279.0,False,False
472,759.4166666666666,953.125,20.28,5.081466123790367,12.875,40365.0,False,False
473,764.4545454545455,723.4025974025974,32.532500000000006,6.4359665543799,8.974025974025974,46210.0,False,False
474,763.5,858.0,14.365000000000002,4.276691017611702,41.411764705882355,67278.0,False,False
475,765.5797101449275,965.8695652173913,29.152500000000003,6.092463855279885,10.710144927536232,45479.0,False,False
476,766.3235294117648,690.3088235294117,28.730000000000004,6.048154439185661,10.529411764705882,42974.0,False,False
477,768.8031914893617,801.6968085106383,79.43,10.056511176263564,10.50531914893617,39667.0,False,False
478,769.0449438202247,184.40449438202248,37.602500000000006,6.919320051920128,24.202247191011235,66363.0,False,False
479,768.4050632911392,935.493670886076,33.377500000000005,6.519014718835807,10.443037974683545,43667.0,False,False
480,769.4819277108434,202.25301204819277,35.0675,6.682015245043993,21.59036144578313,68648.0,False,False
481,770.936507936508,658.2539682539683,26.617500000000003,5.8215507884058,13.11111111111111,50098.0,False,False
482,771.3650793650794,758.3492063492064,26.617500000000003,5.8215507884058,15.746031746031745,45011.0,False,False
483,772.9591836734694,767.8571428571429,41.405,7.260749503306075,14.051020408163266,42263.0,False,False
484,771.3684210526316,950.8421052631579,24.082500000000003,5.537399329656889,15.31578947368421,43623.0,False,False
485,772.75,216.0625,20.28,5.081466123790367,28.75,65165.0,False,False
486,776.6380952380953,830.1904761904761,44.362500000000004,7.51558975086544,18.304761904761904,57267.0,False,False
487,775.5263157894736,265.9298245614035,24.082500000000003,5.537399329656889,18.842105263157894,68834.0,False,False
488,775.1777777777778,636.6666666666666,19.012500000000003,4.920108417939312,18.955555555555556,74860.0,False,False
489,777.1129032258065,935.4677419354839,26.195000000000004,5.775163190277621,12.32258064516129,54240.0,False,False
490,781.6039603960396,679.4752475247525,42.67250000000001,7.371045683803026,11.227722772277227,42255.0,False,False
491,779.8583333333333,705.7,50.7,8.034503402082343,11.2,46208.0,False,False
492,780.2282608695652,778.0652173913044,38.870000000000005,7.034971293747812,13.0,39638.0,False,False
493,780.44,210.62,21.125000000000004,5.186249645218625,21.96,66373.0,False,False
494,781.1020408163265,725.4285714285714,41.405,7.260749503306075,25.612244897959183,49457.0,False,True
495,784.6896551724138,826.7413793103449,24.505000000000003,5.58576181408903,13.689655172413794,52562.0,False,False
496,786.2375,881.7875,33.800000000000004,6.560144557252417,18.0,71101.0,False,False
497,785.3454545454546,926.4545454545455,23.2375,5.439384516724603,12.381818181818181,68385.0,False,False
498,788.030303030303,217.06060606060606,27.885,5.958547197508803,25.0,65048.0,False,False
499,789.2,149.4,23.2375,5.439384516724603,17.89090909090909,62142.0,False,False
500,790.0645161290323,843.989247311828,39.292500000000004,7.073101498742004,15.204301075268818,68677.0,False,False
501,789.5121951219512,355.5609756097561,17.3225,4.696348795998318,45.65853658536585,80701.0,False,False
502,790.9107142857143,250.17857142857142,23.660000000000004,5.488610719338178,17.785714285714285,57909.0,False,False
503,791.8818181818182,760.2818181818182,46.475,7.692451354514157,11.918181818181818,44019.0,False,False
504,791.1764705882352,969.6274509803922,21.547500000000003,5.237855390346407,36.627450980392155,54926.0,False,False
505,794.5961538461538,272.90384615384613,21.970000000000002,5.288957628666685,13.26923076923077,56442.0,False,False
506,796.5333333333333,811.3083333333333,50.7,8.034503402082343,15.508333333333333,43345.0,False,False
507,794.8627450980392,163.23529411764707,21.547500000000003,5.237855390346407,21.901960784313726,64549.0,False,False
508,793.9193548387096,201.32258064516128,26.195000000000004,5.775163190277621,24.048387096774192,65436.0,False,False
509,799.8139534883721,803.3255813953489,36.335,6.801702644040839,9.186046511627907,42907.0,False,False
510,799.9357798165138,227.3302752293578,46.0525,7.6574058357851245,9.853211009174313,60419.0,False,False
511,798.9583333333334,248.41666666666666,20.28,5.081466123790367,16.458333333333332,55939.0,False,False
512,801.170731707317,788.5447154471544,51.96750000000001,8.134314724734013,11.073170731707316,41681.0,False,False
513,799.4262295081967,906.0,25.7725,5.728399965669906,53.32786885245902,72937.0,True,False
514,803.2526315789473,705.6421052631579,40.1375,7.148751795020415,14.978947368421053,50647.0,False,False
515,802.074074074074,853.9629629629629,22.815,5.389708731752834,20.77777777777778,63203.0,False,False
516,804.275,667.175,33.800000000000004,6.560144557252417,13.9125,43208.0,False,False
517,802.8888888888889,955.1296296296297,22.815,5.389708731752834,13.277777777777779,68863.0,False,False
518,803.5441176470588,158.13235294117646,28.730000000000004,6.048154439185661,21.558823529411764,66946.0,False,False
519,803.6415094339623,681.6415094339623,22.392500000000002,5.3395708165996005,11.377358490566039,44092.0,False,False
520,805.6428571428571,861.4047619047619,17.745,4.753276314430444,16.404761904761905,59636.0,False,False
521,808.4945054945055,826.054945054945,38.447500000000005,6.996633290104976,16.64835164835165,46028.0,False,False
522,808.3164556962025,839.379746835443,33.377500000000005,6.519014718835807,13.341772151898734,50996.0,False,False
523,809.44,248.44,21.125000000000004,5.186249645218625,24.06,55156.0,False,False
524,811.0526315789474,173.05263157894737,16.055000000000003,4.5212676198963315,19.68421052631579,66179.0,False,False
525,818.2608695652174,783.4891304347826,38.870000000000005,7.034971293747812,12.23913043478261,47034.0,False,False
526,817.2631578947369,803.1315789473684,32.11000000000001,6.394037987175715,15.144736842105264,50521.0,False,False
527,815.32,905.8,10.562500000000002,3.6672322930604158,14.08,74221.0,False,False
528,818.046875,8.046875,27.040000000000003,5.867571668896666,38.765625,62586.0,False,True
529,820.5258620689655,711.9310344827586,49.010000000000005,7.8994601136704485,17.896551724137932,59247.0,False,False
530,818.8987341772151,872.1518987341772,33.377500000000005,6.519014718835807,17.29113924050633,50393.0,False,False
531,821.62,765.88,42.25000000000001,7.3344645861208315,12.64,48628.0,False,False
532,824.5982905982906,838.5982905982906,49.432500000000005,7.933436443000028,15.47008547008547,45423.0,False,False
533,823.1538461538462,26.646153846153847,27.462500000000002,5.913234393907399,43.292307692307695,80813.0,False,False
534,822.5,886.8125,27.040000000000003,5.867571668896666,12.546875,52903.0,False,False
535,824.6229508196722,821.311475409836,25.7725,5.728399965669906,11.081967213114755,53592.0,False,False
536,826.0491803278688,12.950819672131148,25.7725,5.728399965669906,48.622950819672134,71168.0,False,False
537,827.8947368421053,751.9736842105264,48.165000000000006,7.831065232276457,14.219298245614034,56223.0,False,False
538,829.0571428571428,729.7571428571429,29.575000000000003,6.136453335237093,12.1,66299.0,False,False
539,830.2881355932203,63.847457627118644,24.927500000000002,5.633709146857493,12.474576271186441,58378.0,False,False
540,837.4656488549618,1128.8931297709923,55.347500000000004,8.394678415652944,11.48091603053435,28732.0,False,False
541,840.3388429752066,1151.6528925619834,51.1225,8.067911044732915,5.735537190082645,28635.0,False,False
542,838.3571428571429,68.03571428571429,23.660000000000004,5.488610719338178,17.089285714285715,61724.0,False,False
543,838.775,839.4875,33.800000000000004,6.560144557252417,10.925,47114.0,False,False
544,840.493670886076,7.734177215189874,33.377500000000005,6.519014718835807,16.518987341772153,60354.0,False,False
545,840.35,19.975,16.900000000000002,4.638722701997206,21.6,84477.0,False,False
546,843.3,899.2,38.025000000000006,6.958084052995808,11.544444444444444,49440.0,False,False
547,845.8987341772151,808.0,33.377500000000005,6.519014718835807,69.64556962025317,63845.0,True,False
548,845.859375,43.046875,27.040000000000003,5.867571668896666,31.03125,81303.0,False,False
549,846.9558823529412,1180.25,28.730000000000004,6.048154439185661,8.264705882352942,36584.0,False,False
550,848.566265060241,823.8674698795181,35.0675,6.682015245043993,14.048192771084338,59722.0,False,True
551,851.5357142857143,27.714285714285715,35.49,6.722147829574334,25.095238095238095,87542.0,False,False
552,857.528735632184,806.9080459770115,36.7575,6.8411331346205175,52.02298850574713,62939.0,True,True
553,859.1276595744681,761.3617021276596,39.715,7.1110272478142695,13.542553191489361,55883.0,False,False
554,859.8390804597701,37.44827586206897,36.7575,6.8411331346205175,51.206896551724135,85979.0,False,False
555,860.3559322033898,824.9661016949152,24.927500000000002,5.633709146857493,12.864406779661017,59991.0,False,False
556,859.5882352941177,837.4117647058823,28.730000000000004,6.048154439185661,13.338235294117647,52732.0,False,False
557,863.6975609756098,1121.6780487804879,86.61250000000001,10.501355153901534,8.980487804878049,41023.0,False,False
558,867.6808510638298,9.617021276595745,39.715,7.1110272478142695,27.51063829787234,60759.0,False,False
559,869.1875,717.484375,27.040000000000003,5.867571668896666,44.78125,76475.0,True,False
560,870.483870967742,733.516129032258,39.292500000000004,7.073101498742004,15.290322580645162,75331.0,False,False
561,871.4646464646464,30.828282828282827,41.82750000000001,7.297700121093632,39.98989898989899,85265.0,False,True
562,870.8095238095239,67.39682539682539,26.617500000000003,5.8215507884058,12.904761904761905,62305.0,False,True
563,869.6071428571429,796.7857142857143,23.660000000000004,5.488610719338178,18.107142857142858,60488.0,False,False
564,870.8115942028985,831.2753623188406,29.152500000000003,6.092463855279885,12.73913043478261,56556.0,False,False
565,877.5421686746988,1134.710843373494,35.0675,6.682015245043993,7.27710843373494,25460.0,False,False
566,880.8518518518518,891.4074074074074,45.63,7.622199185685551,14.314814814814815,79851.0,False,False
567,879.3636363636364,826.9848484848485,27.885,5.958547197508803,11.242424242424242,58038.0,False,False
568,879.3571428571429,865.5714285714286,23.660000000000004,5.488610719338178,12.321428571428571,65205.0,False,False
569,881.0185185185185,54.44444444444444,45.63,7.622199185685551,18.083333333333332,67355.0,False,False
570,879.5254237288135,715.9322033898305,24.927500000000002,5.633709146857493,44.23728813559322,67976.0,True,True
571,883.7608695652174,2.5869565217391304,19.435000000000002,4.974475907261778,14.869565217391305,40183.0,False,False
572,885.2705882352941,757.1411764705882,35.9125,6.762042232218129,19.41176470588235,49332.0,False,False
573,885.7755102040817,10.36734693877551,20.7025,5.134125210284583,16.142857142857142,53738.0,False,False
574,894.0,745.6777777777778,38.025000000000006,6.958084052995808,13.044444444444444,54963.0,False,False
575,894.5714285714286,716.5952380952381,35.49,6.722147829574334,13.797619047619047,64735.0,False,True
576,896.6,17.907692307692308,27.462500000000002,5.913234393907399,15.553846153846154,54281.0,False,False
577,901.6375,759.2625,33.800000000000004,6.560144557252417,13.1375,48346.0,False,False
578,903.4457831325301,897.5301204819277,35.0675,6.682015245043993,36.59036144578313,79676.0,True,False
579,910.9253731343283,864.5298507462686,56.61500000000001,8.490256581822557,16.574626865671643,88196.0,False,False
580,910.0144927536232,716.231884057971,29.152500000000003,6.092463855279885,10.101449275362318,53160.0,False,True
581,911.4461538461538,910.4769230769231,27.462500000000002,5.913234393907399,30.107692307692307,74987.0,True,True
582,914.2873563218391,892.6436781609195,36.7575,6.8411331346205175,16.632183908045977,73026.0,False,False
583,915.0851063829788,700.3617021276596,19.8575,5.028255588131782,15.085106382978724,44680.0,False,False
584,916.7118644067797,713.5084745762712,24.927500000000002,5.633709146857493,23.966101694915253,48095.0,False,False
585,917.8439716312057,930.8297872340426,59.572500000000005,8.709194152086374,10.411347517730496,50568.0,False,False
586,919.6344086021505,981.2043010752689,39.292500000000004,7.073101498742004,7.290322580645161,25502.0,False,False
587,919.7777777777778,52.77777777777778,22.815,5.389708731752834,13.018518518518519,43680.0,False,False
588,922.5428571428571,956.6952380952381,44.362500000000004,7.51558975086544,6.390476190476191,30129.0,False,False
589,923.3084112149533,734.0841121495328,45.2075,7.586829161027343,18.27102803738318,46204.0,False,False
590,922.1794871794872,852.8717948717949,32.955000000000005,6.477623730716943,61.06410256410256,84250.0,True,True
591,924.8958333333334,966.9861111111111,60.84,8.801357503344999,7.006944444444445,26276.0,False,False
592,925.9493670886076,943.6645569620254,66.75500000000001,9.219279028687428,6.962025316455696,33654.0,False,False
593,924.7966101694915,883.1186440677966,24.927500000000002,5.633709146857493,20.508474576271187,70924.0,False,False
594,930.12,762.58,21.125000000000004,5.186249645218625,10.96,40646.0,False,False
595,937.1223021582733,851.4028776978417,58.727500000000006,8.647206217237697,12.273381294964029,69400.0,False,False
596,936.2205882352941,965.8970588235294,28.730000000000004,6.048154439185661,7.867647058823529,23026.0,False,False
597,939.1818181818181,721.4935064935065,32.532500000000006,6.4359665543799,11.831168831168831,40451.0,False,False
598,939.7826086956521,898.1847826086956,38.870000000000005,7.034971293747812,30.369565217391305,48479.0,True,True
599,940.7710843373494,739.9638554216867,35.0675,6.682015245043993,8.433734939759036,38697.0,False,False
600,943.0555555555555,750.0555555555555,22.815,5.389708731752834,12.537037037037036,37581.0,False,False
601,942.7538461538461,919.9230769230769,27.462500000000002,5.913234393907399,8.569230769230769,36265.0,False,False
602,952.0972222222222,221.38888888888889,30.42,6.223499574262349,10.402777777777779,46858.0,False,False
603,955.2918918918919,661.6918918918919,78.16250000000001,9.9759503765487,19.10810810810811,40904.0,False,True
604,953.6973684210526,248.39473684210526,32.11000000000001,6.394037987175715,12.881578947368421,52889.0,False,False
605,952.5692307692308,457.2307692307692,27.462500000000002,5.913234393907399,9.553846153846154,61016.0,False,False
606,953.795918367347,893.8571428571429,20.7025,5.134125210284583,10.285714285714286,39300.0,False,False
607,956.3660714285714,51.11607142857143,47.32000000000001,7.762067717874401,11.875,38998.0,False,False
608,955.2765957446809,881.8936170212766,19.8575,5.028255588131782,11.148936170212766,41461.0,False,False
609,959.140625,5.5234375,54.080000000000005,8.297999432349801,29.46875,40125.0,False,False
610,959.1327433628319,372.79646017699116,47.74250000000001,7.796642800880295,11.353982300884956,45938.0,False,False
611,959.7482014388489,404.28057553956836,58.727500000000006,8.647206217237697,16.64748201438849,46531.0,False,False
612,958.375,275.1041666666667,20.28,5.081466123790367,14.5,75868.0,False,False
613,962.3214285714286,385.39285714285717,59.150000000000006,8.67825553156191,12.842857142857143,42649.0,False,False
614,960.063492063492,478.1904761904762,26.617500000000003,5.8215507884058,10.222222222222221,35565.0,False,False
615,962.6902173913044,849.0217391304348,77.74000000000001,9.948951814523555,7.679347826086956,28178.0,False,False
616,963.27,685.24,42.25000000000001,7.3344645861208315,9.73,38859.0,False,False
617,964.1527777777778,59.486111111111114,30.42,6.223499574262349,11.625,36758.0,False,False
618,965.7307692307693,251.96153846153845,43.940000000000005,7.479715609277069,20.01923076923077,49682.0,False,False
619,964.5967741935484,880.8870967741935,26.195000000000004,5.775163190277621,9.016129032258064,33167.0,False,False
620,965.6969696969697,642.7575757575758,13.9425,4.2133291293785735,10.515151515151516,37508.0,False,False
621,970.2153846153847,32.19230769230769,54.925000000000004,8.362576277354894,11.023076923076923,48774.0,False,False
622,968.3888888888889,450.8611111111111,15.21,4.4006787516724994,15.055555555555555,52304.0,False,False
623,973.1742424242424,229.59848484848484,55.77,8.426658258757147,14.272727272727273,52090.0,False,False
624,976.0574712643678,409.35057471264366,73.515,9.6748232609803,9.275862068965518,41456.0,False,False
625,971.6857142857143,62.57142857142857,14.787500000000001,4.339127765780955,11.457142857142857,36749.0,False,False
626,974.6914893617021,679.5,39.715,7.1110272478142695,10.946808510638299,37914.0,False,False
627,977.0461538461539,662.7615384615384,54.925000000000004,8.362576277354894,13.4,35904.0,False,False
628,977.280701754386,16.92982456140351,24.082500000000003,5.537399329656889,26.912280701754387,45669.0,False,False
629,977.4,220.01333333333332,31.687500000000004,6.351832654737959,13.946666666666667,53937.0,False,False
630,977.1384615384616,368.6,27.462500000000002,5.913234393907399,11.261538461538462,40822.0,False,False
631,975.4705882352941,636.8529411764706,14.365000000000002,4.276691017611702,8.588235294117647,33462.0,False,False
632,979.0,893.4949494949495,41.82750000000001,7.297700121093632,7.9393939393939394,23869.0,False,False
633,978.8352941176471,906.8117647058823,35.9125,6.762042232218129,5.811764705882353,23286.0,False,False
634,979.5643564356436,386.8514851485148,42.67250000000001,7.371045683803026,9.148514851485148,35360.0,False,False
635,982.1515151515151,872.7348484848485,55.77,8.426658258757147,6.553030303030303,23964.0,False,False
636,982.2386363636364,853.0909090909091,37.18000000000001,6.880337656921596,6.1477272727272725,23620.0,False,False
637,981.5882352941177,156.61764705882354,14.365000000000002,4.276691017611702,10.676470588235293,50446.0,False,False
638,985.6760563380282,25.08450704225352,29.997500000000002,6.180129710871209,16.91549295774648,46692.0,False,False
639,985.4404761904761,430.6904761904762,35.49,6.722147829574334,11.083333333333334,42985.0,False,False
640,988.6086956521739,415.6630434782609,38.870000000000005,7.034971293747812,7.358695652173913,37731.0,False,False
641,991.5,8.28125,108.16000000000001,11.735143337793332,18.04296875,35834.0,False,False
642,987.4038461538462,43.38461538461539,21.970000000000002,5.288957628666685,13.846153846153847,42829.0,False,False
643,989.7177419354839,61.645161290322584,52.39000000000001,8.167314108608483,9.580645161290322,43192.0,False,False
644,992.061403508772,403.9824561403509,48.165000000000006,7.831065232276457,10.140350877192983,30767.0,False,False
645,992.1904761904761,905.2380952380952,26.617500000000003,5.8215507884058,7.301587301587301,21268.0,False,False
646,994.1195652173913,270.6304347826087,38.870000000000005,7.034971293747812,12.01086956521739,59987.0,False,False
647,994.8947368421053,213.16842105263157,40.1375,7.148751795020415,35.31578947368421,75571.0,False,True
648,995.6339285714286,229.64285714285714,47.32000000000001,7.762067717874401,18.616071428571427,76220.0,True,False
649,996.1042654028436,655.3649289099526,89.14750000000001,10.653925206902757,8.630331753554502,28102.0,False,False
650,993.6190476190476,174.1904761904762,17.745,4.753276314430444,27.38095238095238,78991.0,False,False
651,994.1875,884.0208333333334,20.28,5.081466123790367,6.270833333333333,22214.0,False,False
652,998.1428571428571,257.05555555555554,53.23500000000001,8.232916079007266,11.523809523809524,79717.0,False,False
653,998.5416666666666,388.13690476190476,70.98,9.506552628860888,7.779761904761905,30156.0,False,False
654,996.9,846.9444444444445,38.025000000000006,6.958084052995808,7.133333333333334,22028.0,False,False
655,998.6608695652174,37.31304347826087,48.587500000000006,7.8653370162898755,12.295652173913043,45457.0,False,False
656,997.5,482.34722222222223,30.42,6.223499574262349,6.875,30278.0,False,False
657,999.5,779.2857142857143,23.660000000000004,5.488610719338178,25.214285714285715,48541.0,False,False
658,1001.96875,187.47916666666666,40.56,7.186278309003779,27.510416666666668,93797.0,False,False
659,1004.3703703703703,859.0864197530864,34.222500000000004,6.601018127508749,8.395061728395062,21782.0,False,False
660,1005.179012345679,63.74691358024691,68.44500000000001,9.335249361393526,14.123456790123457,60101.0,False,False
661,1006.4031007751938,877.6511627906976,54.502500000000005,8.33035043001963,7.744186046511628,21530.0,False,False
662,1005.515625,152.890625,27.040000000000003,5.867571668896666,9.953125,51992.0,False,False
663,1009.3015873015873,213.66666666666666,53.23500000000001,8.232916079007266,23.134920634920636,88046.0,False,False
664,1009.9186046511628,174.56976744186048,36.335,6.801702644040839,41.0,87944.0,False,False
665,1011.0165289256198,11.62809917355372,51.1225,8.067911044732915,14.272727272727273,33976.0,False,False
666,1009.5,416.3269230769231,21.970000000000002,5.288957628666685,7.826923076923077,29183.0,False,False
667,1013.3548387096774,35.983870967741936,26.195000000000004,5.775163190277621,14.080645161290322,52186.0,False,False
668,1012.2,480.78,21.125000000000004,5.186249645218625,7.6,28601.0,False,False
669,1013.7301587301587,143.65079365079364,26.617500000000003,5.8215507884058,10.841269841269842,42026.0,False,False
670,1016.4,194.6,21.125000000000004,5.186249645218625,80.4,89170.0,True,False
671,1018.421875,106.84375,27.040000000000003,5.867571668896666,8.265625,50008.0,False,False
672,1019.5333333333333,848.85,25.35,5.681251839078812,5.233333333333333,21796.0,False,False
673,1022.2205882352941,221.23529411764707,28.730000000000004,6.048154439185661,9.514705882352942,83194.0,False,False
674,1023.6153846153846,89.84615384615384,27.462500000000002,5.913234393907399,14.23076923076923,67687.0,False,False
675,1025.974358974359,100.84615384615384,16.477500000000003,4.5803716659648535,12.794871794871796,56114.0,False,False
676,1025.5394736842106,132.89473684210526,32.11000000000001,6.394037987175715,8.56578947368421,37960.0,False,False
677,1035.1375,131.4375,33.800000000000004,6.560144557252417,11.3125,36486.0,False,False
678,1038.578947368421,97.76315789473684,16.055000000000003,4.5212676198963315,19.657894736842106,57038.0,False,False
679,1042.5166666666667,91.1,25.35,5.681251839078812,18.3,64471.0,False,False
680,1046.9545454545455,190.54545454545453,27.885,5.958547197508803,11.393939393939394,51287.0,False,False
681,1049.0416666666667,141.8125,20.28,5.081466123790367,12.666666666666666,36451.0,False,False
682,1053.8690476190477,212.9047619047619,35.49,6.722147829574334,8.702380952380953,33434.0,False,False
683,1054.1891891891892,229.6081081081081,31.265000000000004,6.309345002941657,12.22972972972973,33802.0,False,False
684,1054.0975609756097,199.5121951219512,17.3225,4.696348795998318,11.146341463414634,35534.0,False,False
685,1064.3454545454545,98.96363636363637,46.475,7.692451354514157,10.336363636363636,36639.0,False,False
686,1062.7142857142858,117.15873015873017,26.617500000000003,5.8215507884058,9.571428571428571,32904.0,False,False
687,1072.2291666666667,79.86458333333333,40.56,7.186278309003779,11.802083333333334,36221.0,False,False
688,1072.3035714285713,115.10714285714286,23.660000000000004,5.488610719338178,9.732142857142858,26702.0,False,False
689,1071.6511627906978,121.81395348837209,18.1675,4.809530063215748,9.604651162790697,26580.0,False,False
690,1083.875,124.96875,13.520000000000001,4.148999716174901,9.3125,19025.0,False,False
691,1088.75,137.125,16.900000000000002,4.638722701997206,6.075,16977.0,False,False
