total_dapi,total_pv_segmentation,pnn_plus,pnn_minus,dapi_pv_coloc,pv_pnn_plus,pv_pnn_minus,hollow_pnn_plus,total_pnn_plus,pixel_size,image_area_mm2,total_integrated_wfa_signal,mean_wfa_intensity_raw,integrated_wfa_density_mm2,diffuse_wfa_fluorescence,diffuse_pv_fluorescence,pv_density_mm2,pnn_density_mm2,coloc_density_mm2,pv_energy,pnn_energy,coloc_energy,pct_pv_surrounded_by_pnn,pct_pnn_surrounding_pv,mean_pv_cell_intensity_norm,mean_pnn_pericellular_wfa_norm,mean_coloc_pericellular_wfa_norm,group,section,filename,animal_id,corte_num
4555,328,162,166,124,124,166,38,162,0.65,0.5813262,20535476.0,14.92490551776266,539.0283079329362,0.00022773946010166567,0.00019399628553406795,564.2271069151881,278.6731442690868,213.30536968744914,0.2140710995318896,0.14451464375355155,0.09517759446927464,37.80487804878049,76.5432098765432,0.0004291211683472247,0.0005185811648000362,0.0004462034622416487,ACF 14 DÍAS HEMBRA,CONTRA,ACF_49~1.TIF,ACF_49,1
5056,295,152,143,125,125,143,27,152,0.65,0.5813262,23304142.0,16.93713442642014,611.7020238580727,0.0002584441050800357,0.00017581807407854557,507.4603553048185,261.47109832655053,215.02557428170277,0.18872845606325953,0.1607331241243427,0.11916521801596237,42.3728813559322,82.23684210526315,0.0004093761052056777,0.0006147261596140295,0.0005541909068911276,ACF 14 DÍAS HEMBRA,CONTRA,ACF_49~2.TIF,ACF_49,2
5039,313,174,139,133,133,139,41,174,0.65,0.5813262,23840590.0,17.327017559160417,625.7830540583954,0.0002643933403396722,0.00016527220153417715,538.4240380013837,299.3155994001302,228.78721103573173,0.16964674229493326,0.1841751815286796,0.12402537474641218,42.49201277955272,76.4367816091954,0.00036257388250254715,0.0006153210253584914,0.0005420992466534418,ACF 14 DÍAS HEMBRA,CONTRA,ACF_49~3.TIF,ACF_49,3
2172,271,134,137,109,109,137,25,134,0.65,0.5813262,13790870.0,10.023017326588755,361.99157599381186,0.00015294144085738545,9.353515814076693e-05,466.1754450427316,230.50741562998536,187.5023007736448,0.0807977926107603,0.09162165749294639,0.0637581624927917,40.22140221402214,81.34328358208955,0.0001909344461252088,0.0003974781342393735,0.00034003936074235904,ACF 14 DÍAS HEMBRA,CONTRA,ACF_50~1.TIF,ACF_50,1
2420,277,155,122,127,127,122,28,155,0.65,0.5813262,16291858.0,11.840701494272922,427.6391085759919,0.00018067752337335655,0.00010211686080087915,476.49667260825333,266.6317121093114,218.46598347021,0.090775597673244,0.11242670366501133,0.07319856143786702,45.84837545126354,81.93548387096774,0.00021192864758279428,0.00042165540916198137,0.00033505702020584073,ACF 14 DÍAS HEMBRA,CONTRA,ACF_50~2.TIF,ACF_50,2
2109,306,156,150,104,104,150,52,156,0.65,0.5813262,15180506.0,11.032985929414501,398.46763049202224,0.0001683525738828794,8.184552435715936e-05,526.3826058416083,268.35191670356505,178.9012778023767,0.06523676194653938,0.11339724613240952,0.058383858975783534,33.98692810457516,66.66666666666666,0.00014930645245152103,0.00042256916785011746,0.0003263467969204628,ACF 14 DÍAS HEMBRA,CONTRA,ACF_50~3.TIF,ACF_50,3
5038,335,172,163,152,152,163,20,172,0.65,0.5813262,29469064.0,21.417716146287574,773.5228394164036,0.0003268133996534306,0.00016168655540746787,576.2685390749634,295.875190211623,261.47109832655053,0.1610192797211402,0.21694355270351354,0.18057209879009053,45.37313432835821,88.37209302325581,0.0002971578603397698,0.0007332265762071701,0.0006906006053662364,ACF 14 DÍAS HEMBRA,CONTRA,ACF_55~1.TIF,ACF_55,1
5197,333,161,172,148,148,172,13,161,0.65,0.5813262,27991838.0,20.344088319088318,734.7476665782118,0.00031043088912929454,0.00012778528108395464,572.8281298864562,276.95293967483315,254.59027994953607,0.1296133826009765,0.21015089303619813,0.1893988532885003,44.44444444444444,91.92546583850931,0.00023546142242678682,0.0007587963979834752,0.0007439359166659554,ACF 14 DÍAS HEMBRA,CONTRA,ACF_55~2.TIF,ACF_55,2
5078,349,162,187,136,136,187,26,162,0.65,0.5813262,28224321.0,20.513053811268097,740.850029051484,0.00031300913727425186,0.0001401916759032368,600.3514033945141,278.6731442690868,233.94782481849262,0.13128409311624403,0.20748180905793448,0.159093586490512,38.96848137535817,83.9506172839506,0.00023628137142944983,0.000744534639683794,0.0006800387505801521,ACF 14 DÍAS HEMBRA,CONTRA,ACF_55~3.TIF,ACF_55,3
4204,384,190,194,152,152,194,38,190,0.65,0.5813262,32557241.0,23.66216131751846,854.583284419354,0.0003610614376671772,0.00018275240522894448,660.5585641933909,326.8388729081882,261.47109832655053,0.20830917921293327,0.24872779131493614,0.1760900694941059,39.58333333333333,80.0,0.0003499872357715997,0.0007610104303131833,0.0006734590194522666,ACF 14 DÍAS HEMBRA,CONTRA,ACF_71~1.TIF,ACF_71,1
4126,366,188,178,154,154,178,34,188,0.65,0.5813262,33877799.0,24.621924966567825,889.2461353933132,0.00037570649220367475,0.00017736315096504308,629.5948814968257,323.39846371968093,264.9115075150578,0.1944071904704374,0.2672042697287467,0.2025451439413633,42.07650273224044,81.91489361702128,0.0003404035942435409,0.0008262385252403584,0.0007645766159473102,ACF 14 DÍAS HEMBRA,CONTRA,ACF_71~2.TIF,ACF_71,2
4889,341,192,149,164,164,149,28,192,0.65,0.5813262,32817936.0,23.851630908773767,861.4261735121895,0.0003639525583089001,0.00018420240711491842,586.5897666404851,330.27928209669545,282.11355345759404,0.21196487955402019,0.2570454776317066,0.21480806712815068,48.09384164222874,85.41666666666666,0.0003936764791201158,0.0007782670350980469,0.0007614241304448339,ACF 14 DÍAS HEMBRA,CONTRA,ACF_71~3.TIF,ACF_71,3
5735,280,143,137,116,116,137,27,143,0.65,0.5813262,20950926.0,15.226848944706088,549.9333052425064,0.000232346821464959,0.00020193182641819684,481.65728639101417,245.98925697826797,199.54373293342016,0.18880174066117655,0.12853924423466453,0.09418133825861255,41.42857142857143,81.11888111888112,0.0004338158041578943,0.0005225400727399262,0.000471983443799947,ACF 14 DÍAS HEMBRA,IPSI,ACF_49~1.TIF,ACF_49,1
6355,319,172,147,145,145,147,27,172,0.65,0.5813262,26765158.0,19.45255392755393,702.5489853898542,0.0002968269463272134,0.00018250267947812334,548.7452655669055,295.875190211623,249.4296661667752,0.19394322265125477,0.2031296939774281,0.15005748228221563,45.45454545454545,84.30232558139535,0.00038611053643701325,0.0006865384482968673,0.0006016023859081914,ACF 14 DÍAS HEMBRA,IPSI,ACF_49~2.TIF,ACF_49,2
5537,311,167,144,120,120,144,47,167,0.65,0.5813262,25607005.0,18.610824030466887,672.1490447253445,0.0002839829713964582,0.00016456507775214246,534.9836288128764,287.27416724035487,206.42455131043465,0.17159108976066886,0.20258406431399753,0.13215377827080374,38.58520900321543,71.8562874251497,0.00037784240971374446,0.0007051941574144419,0.0006402037811484076,ACF 14 DÍAS HEMBRA,IPSI,ACF_49~3.TIF,ACF_49,3
2591,262,135,127,95,95,127,40,135,0.65,0.5813262,11688587.0,8.495106546892261,306.8095072515931,0.00012962701681379813,9.45178807607826e-05,450.693603694449,232.227620224239,163.4194364540941,0.07682979156398011,0.07497557026120645,0.04465835899552642,36.25954198473282,70.37037037037037,0.00020118545394901178,0.0003228538026131863,0.000273274464559002,ACF 14 DÍAS HEMBRA,IPSI,ACF_50~1.TIF,ACF_50,1
2521,270,141,129,99,99,129,42,141,0.65,0.5813262,12620491.0,9.172401738473168,331.2707194619133,0.00013996187897265838,9.178315200724164e-05,464.455240448478,242.5488477897607,170.3002548311086,0.07847301712280236,0.08123958626749134,0.04629854181672394,36.666666666666664,70.2127659574468,0.000200080793186551,0.00033494113457058813,0.0002718641957561336,ACF 14 DÍAS HEMBRA,IPSI,ACF_50~2.TIF,ACF_50,2
3643,238,125,113,76,76,113,49,125,0.65,0.5813262,10294489.0,7.481895022966452,270.21633132361904,0.00011416639998422906,8.442810871175212e-05,409.40869343236204,215.02557428170277,130.73554916327527,0.06480376336430478,0.06983710106976772,0.03402640800027144,31.932773109243694,60.8,0.00019932341535592866,0.00032478509267123203,0.00026026897976904467,ACF 14 DÍAS HEMBRA,IPSI,ACF_50~3.TIF,ACF_50,3
223,375,181,194,156,156,194,25,181,0.65,0.5813262,33418453.0,24.288078522007094,877.188927801156,0.00037061232199598834,0.00045228754754199173,645.0767228451083,311.3570315599056,268.35191670356505,0.5501526144653723,0.2254032285763384,0.17866383422214402,41.6,86.1878453038674,0.0009137660822491998,0.0007239381344531172,0.0006657818450371086,ACF 14 DÍAS HEMBRA,IPSI,ACF_55~1.TIF,ACF_55,1
2532,346,182,164,160,160,164,22,182,0.65,0.5813262,28128149.0,20.443157305657305,738.3256448867086,0.00031194258496463424,0.000418614351191273,595.1907896117533,313.0772361541592,275.2327350805795,0.49345704206077246,0.20366725293879878,0.17801211887995536,46.24277456647399,87.91208791208791,0.0008853688491494723,0.0006505335726118172,0.0006467694288902044,ACF 14 DÍAS HEMBRA,IPSI,ACF_55~2.TIF,ACF_55,2
4945,329,177,152,151,151,152,26,177,0.65,0.5813262,27295168.0,19.83775800918658,716.461026848622,0.00030270478384354286,0.00013753797105659253,565.9473115094416,304.4762131828911,259.75089373229696,0.13897073324948384,0.21235828667436113,0.17254457232797157,45.8966565349544,85.31073446327684,0.00026662484577932703,0.0006974544397226949,0.0006642694076956614,ACF 14 DÍAS HEMBRA,IPSI,ACF_55~3.TIF,ACF_55,3
6009,267,157,110,117,117,110,40,157,0.65,0.5813262,27467275.0,19.962843043200188,720.9786014591841,0.0003046134591165055,0.00016054470165686638,459.2946266657171,270.0721212978187,201.2639375276738,0.13938118880184944,0.18779879978011493,0.13468343010650818,43.82022471910113,74.52229299363057,0.00035694245302934663,0.0006953653671384399,0.0006691880908271966,ACF 14 DÍAS HEMBRA,IPSI,ACF_71~1.TIF,ACF_71,1
5990,277,156,121,90,90,121,66,156,0.65,0.5813262,28948092.0,21.039080760509332,759.848033162074,0.00032103579401097633,0.00014804339818781393,476.49667260825333,268.35191670356505,154.818413482826,0.12714237942377704,0.21227083652573805,0.11235972694173654,32.49097472924188,57.692307692307686,0.0003502900298075,0.0007910166587713366,0.0007257517010675259,ACF 14 DÍAS HEMBRA,IPSI,ACF_71~2.TIF,ACF_71,2
5958,286,157,129,110,110,129,47,157,0.65,0.5813262,29923893.0,21.74827969649398,785.4614819036211,0.0003318574761042799,0.00015841728623339321,491.97851395653595,270.0721212978187,189.22250536789844,0.14621785888051164,0.22409836604947844,0.1518083517028403,38.46153846153847,70.06369426751591,0.00035564967479139787,0.0008297723029410976,0.0008022742929425061,ACF 14 DÍAS HEMBRA,IPSI,ACF_71~3.TIF,ACF_71,3
5258,388,134,254,87,87,254,47,134,0.65,0.5813262,18139719.0,13.183701814058956,476.142945941401,0.00020117039466024196,7.97439376606452e-05,667.4393825704054,230.50741562998536,149.6577997000651,0.0756476729933299,0.11999067581465962,0.058019980809745964,22.422680412371136,64.92537313432835,0.00012896180140778622,0.0005205501761699103,0.00038768430997933957,ACF 14 DÍAS MACHO,CONTRA,ACF_41~1.TIF,ACF_41,1
5860,418,200,218,160,160,218,40,200,0.65,0.5813262,34821873.0,25.308065149136578,914.0267935472061,0.0003861763202736946,0.0001675398728227642,719.045520398014,344.04091885072444,275.2327350805795,0.1962712042456372,0.290895732370584,0.20564040101487002,38.27751196172249,80.0,0.0003018454850093655,0.000845526553476043,0.0007471509555528158,ACF 14 DÍAS MACHO,CONTRA,ACF_41~2.TIF,ACF_41,2
5872,407,200,207,161,161,207,39,200,0.65,0.5813262,39189065.0,28.482081080295366,1028.6596422904365,0.00043460869886770986,0.00019307679838039842,700.1232698612242,344.04091885072444,276.95293967483315,0.22160664596396681,0.3232643208657591,0.24966445604352583,39.55773955773956,80.5,0.00035006997117657113,0.0009396100962223623,0.0009014688789245335,ACF 14 DÍAS MACHO,CONTRA,ACF_41~3.TIF,ACF_41,3
2945,347,181,166,155,155,166,26,181,0.65,0.5813262,31162499.0,22.6484817431246,817.9732043674967,0.0003455936788452674,0.0002771043566583573,596.9109942060069,311.3570315599056,266.6317121093114,0.34755325453843294,0.22988481855969597,0.18171918381152005,44.668587896253605,85.6353591160221,0.0006294137469110903,0.0007383318674640748,0.0006815362747887256,ACF 14 DÍAS MACHO,CONTRA,ACF_42~1.TIF,ACF_42,1
4877,326,175,151,143,143,151,32,175,0.65,0.5813262,33041259.0,24.013939037153325,867.288098446995,0.00036642922159385555,0.00028258908516459004,560.7866977266808,301.03580399438385,245.98925697826797,0.3058998938005095,0.23516786071811666,0.17457411688293645,43.86503067484663,81.71428571428572,0.0006048558600117475,0.0007811956504765259,0.0007096818740273658,ACF 14 DÍAS MACHO,CONTRA,ACF_42~2.TIF,ACF_42,2
4539,326,169,157,140,140,157,29,169,0.65,0.5813262,29895775.0,21.727843915343914,784.7234226561774,0.0003315456460722349,0.00025153611279890586,560.7866977266808,290.71457642886213,240.82864319550708,0.2747754046297447,0.19561954893310085,0.1584154173878849,42.944785276073624,82.84023668639054,0.000537825393356471,0.0006728921244200803,0.0006577930900822361,ACF 14 DÍAS MACHO,CONTRA,ACF_42~3.TIF,ACF_42,3
2722,329,180,149,152,152,149,28,180,0.65,0.5813262,20469339.0,14.87683804290947,537.2923016576614,0.00022700599745036196,0.00015872464697520012,565.9473115094416,309.636826965652,261.47109832655053,0.17274125940625745,0.15558714205253485,0.11632295505733188,46.20060790273556,84.44444444444444,0.00033361800635831865,0.000502482678101446,0.00044487882523848373,ACF 14 DÍAS MACHO,CONTRA,ACF_46~1.TIF,ACF_46,1
3014,344,203,141,177,177,141,26,203,0.65,0.5813262,32884759.0,23.90019695912553,863.1801863542102,0.0003646936287346537,0.00024665218776326255,591.750380423246,349.2015326334853,304.4762131828911,0.277441183499513,0.26434933184208215,0.20865233057926147,51.45348837209303,87.192118226601,0.0005071818519725616,0.0007570108007502296,0.0006852828613377733,ACF 14 DÍAS MACHO,CONTRA,ACF_46~2.TIF,ACF_46,2
3670,360,186,174,149,149,174,37,186,0.65,0.5813262,29918640.0,21.74446188731903,785.3235977999574,0.0003317992200704819,0.00023043018353593946,619.273653931304,319.95805453117373,256.3104845437897,0.26289132469008925,0.24218060549382434,0.17359504124659222,41.388888888888886,80.10752688172043,0.00047314431825094664,0.0007569136080936776,0.000677284199105535,ACF 14 DÍAS MACHO,CONTRA,ACF_46~3.TIF,ACF_46,3
3697,326,144,182,126,126,182,18,144,0.65,0.5813262,19602259.0,14.246656055584626,514.5326312588604,0.00021739003670686848,0.00021139843745539722,560.7866977266808,247.70946157252158,216.74577887595638,0.27897463099575565,0.11981732885302447,0.10466823662184827,38.65030674846626,87.5,0.0005265430588739119,0.00048370105886304916,0.0004829078433022213,ACF 14 DÍAS MACHO,CONTRA,ACF_64~1.TIF,ACF_64,1
2474,323,172,151,153,153,151,19,172,0.65,0.5813262,23049354.0,16.751957962672247,605.0141854791807,0.0002556184933649538,0.00021010048015791949,555.62608394392,295.875190211623,263.19130292080416,0.2832805906899235,0.16031549187355254,0.13660490653120605,47.368421052631575,88.95348837209302,0.0005417053596037125,0.0005418348586743208,0.0005190327530401386,ACF 14 DÍAS MACHO,CONTRA,ACF_64~2.TIF,ACF_64,2
2181,320,164,156,143,143,156,21,164,0.65,0.5813262,21840310.0,15.873241176812606,573.278425298288,0.00024221013468852682,0.0001964333351596428,550.465470161159,282.11355345759404,245.98925697826797,0.24082932402133306,0.13399814326366175,0.11401504944118587,44.6875,87.1951219512195,0.00046822874843441563,0.00047497945994219565,0.00046349605198920773,ACF 14 DÍAS MACHO,CONTRA,ACF_64~3.TIF,ACF_64,3
5802,327,142,185,92,92,185,50,142,0.65,0.5813262,18248619.0,13.262848857491715,479.00142279062993,0.0002023781011290412,7.939654183754938e-05,562.5069023209344,244.26905238401434,158.25882267133323,0.06755958931990115,0.12084643956290991,0.06606003768387313,28.134556574923547,64.7887323943662,0.0001417839687108257,0.0004947267710889865,0.00041741772476763876,ACF 14 DÍAS MACHO,IPSI,ACF_41~1.TIF,ACF_41,1
5171,406,183,223,134,134,223,49,183,0.65,0.5813262,34020016.0,24.725286353857783,892.979138167113,0.00037728368587560513,0.00017466944430726052,698.4030652669705,314.79744074841284,230.50741562998536,0.20219209619020312,0.2691321891940239,0.16353301496820372,33.004926108374384,73.224043715847,0.00032924247324449653,0.0008549376658024205,0.0007094479564627537,ACF 14 DÍAS MACHO,IPSI,ACF_41~2.TIF,ACF_41,2
5531,356,182,174,136,136,174,46,182,0.65,0.5813262,36587628.0,26.59139194139194,960.375460112039,0.00040575863189733636,0.00018596095637807264,612.3928355542895,313.0772361541592,233.94782481849262,0.19167812290105374,0.28893156023694166,0.1958851438536803,38.20224719101123,74.72527472527473,0.00035944359615871786,0.0009228762965528154,0.000837302693477304,ACF 14 DÍAS MACHO,IPSI,ACF_41~3.TIF,ACF_41,3
4447,340,184,156,161,161,156,23,184,0.65,0.5813262,34128607.0,24.804208820280248,895.8295041867148,0.00037848796551888684,0.0002967544839390854,584.8695620462315,316.51764534266647,276.95293967483315,0.3557853238206202,0.2476791890364919,0.20971332288675937,47.35294117647059,87.5,0.0006524521460959326,0.0007825130531612255,0.0007572164539325022,ACF 14 DÍAS MACHO,IPSI,ACF_42~1.TIF,ACF_42,1
4307,398,221,177,204,204,177,17,221,0.65,0.5813262,39711718.0,28.861938194081052,1042.3785725078856,0.0004404049468845816,0.0003048973200418993,684.6414285129416,380.1652153300505,350.9217372277389,0.39477066027887037,0.3248725438210226,0.29020895869349295,51.256281407035175,92.3076923076923,0.0006023373433370254,0.0008545562053565998,0.0008269905449178689,ACF 14 DÍAS MACHO,IPSI,ACF_42~2.TIF,ACF_42,2
5683,367,196,171,171,171,171,25,196,0.65,0.5813262,36290781.0,26.375647566718996,952.5836302014501,0.00040246658376011287,0.0002620388228678237,631.3150860910794,337.1601004737099,294.1549856173694,0.3060791681152505,0.2683604415111192,0.2073954186543841,46.59400544959128,87.24489795918367,0.0005202685371333325,0.0007959436514999041,0.0007050549159284341,ACF 14 DÍAS MACHO,IPSI,ACF_42~3.TIF,ACF_42,3
4441,321,161,160,104,104,160,57,161,0.65,0.5813262,18764184.0,13.637554508983081,492.5343026508016,0.00020809574286996386,0.0001530761627874403,552.1856747554127,276.95293967483315,178.9012778023767,0.14918071660781815,0.13239725054952906,0.06784190301494393,32.398753894081,64.59627329192547,0.00032849492082916593,0.0004780496307602835,0.0003792141892350568,ACF 14 DÍAS MACHO,IPSI,ACF_46~1.TIF,ACF_46,1
2141,347,180,167,135,135,167,45,180,0.65,0.5813262,30573101.0,22.220115268329554,802.5023087019149,0.0003390572254265592,0.00022974991985553407,596.9109942060069,309.636826965652,232.227620224239,0.24412925546466588,0.23930088950462683,0.14566973756521348,38.90489913544668,75.0,0.0004699295774440512,0.0007728437597352477,0.0006272713703243171,ACF 14 DÍAS MACHO,IPSI,ACF_46~2.TIF,ACF_46,2
4106,348,195,153,151,151,153,44,195,0.65,0.5813262,29090981.0,21.14293054828769,763.598675021665,0.00032262044019665357,0.00022275992774308833,598.6311988002604,335.4398958794563,259.75089373229696,0.23259922102039166,0.266856325328664,0.18313188994901458,43.39080459770115,77.43589743589745,0.0004447895436800803,0.0007955414028168001,0.0007050289118071447,ACF 14 DÍAS MACHO,IPSI,ACF_46~3.TIF,ACF_46,3
4403,401,151,250,135,135,250,16,151,0.65,0.5813262,21869703.0,15.89460361067504,574.0499515611843,0.00024253610453460044,0.00023080285358348333,689.8020422957024,259.75089373229696,232.227620224239,0.326350526881516,0.1329733050614278,0.11483722452531298,33.66583541147132,89.40397350993378,0.0004927691211948819,0.0005119262657801363,0.0004945028692729407,ACF 14 DÍAS MACHO,IPSI,ACF_64~1.TIF,ACF_64,1
3924,360,174,186,164,164,186,10,174,0.65,0.5813262,26572117.0,19.312254346182918,697.4819217585223,0.0002946861119429758,0.00022386464091550795,619.273653931304,299.3155994001302,282.11355345759404,0.30952161471505873,0.18692949892883212,0.17317987954102887,45.55555555555556,94.25287356321839,0.000514094354571912,0.0006245230763230003,0.0006138658615246589,ACF 14 DÍAS MACHO,IPSI,ACF_64~2.TIF,ACF_64,2
3719,337,171,166,155,155,166,16,171,0.65,0.5813262,25333214.0,18.4118364439793,664.9624034486945,0.00028094661545707334,0.00020115974821203214,579.7089482634707,294.1549856173694,266.6317121093114,0.24985171311287027,0.1862647980342746,0.15987286191093503,45.99406528189911,90.64327485380117,0.00045247771634702506,0.0006332199253510662,0.0005996018277277974,ACF 14 DÍAS MACHO,IPSI,ACF_64~3.TIF,ACF_64,3
2751,300,146,154,100,100,154,46,146,0.65,0.5813262,31272983.0,22.728780016280016,820.8732590618051,0.0003468189519536128,7.622614046117299e-05,516.0613782760867,251.14987076102884,172.02045942536222,0.0650472016880694,0.20364330478275758,0.1343834131858553,33.33333333333333,68.4931506849315,0.00014887260857464164,0.0008108437570191938,0.0007812059893036316,ACF 3 DÍAS HEMBRA,CONTRA,ACF_86~1.TIF,ACF_86,1
3361,304,142,162,119,119,162,23,142,0.65,0.5813262,27051808.0,19.66088726088726,710.0731579227419,0.0003000059092223584,5.583981128673714e-05,522.9421966531011,244.26905238401434,204.70434671618102,0.04760930399907802,0.16297382010737507,0.13005668149545194,39.14473684210527,83.80281690140845,9.849300988764708e-05,0.0006671897995950982,0.0006353391297341293,ACF 3 DÍAS HEMBRA,CONTRA,ACF_86~2.TIF,ACF_86,2
3881,274,152,122,104,104,122,48,152,0.65,0.5813262,26735548.0,19.431033781033783,701.7717631721706,0.0002964985699402424,5.3549815727060164e-05,471.33605882549244,261.47109832655053,178.9012778023767,0.040139082751764796,0.1741387446931185,0.10351264209835642,37.95620437956204,68.42105263157895,0.00010324734711313704,0.0006659961495080311,0.0005786020277211304,ACF 3 DÍAS HEMBRA,CONTRA,ACF_86~3.TIF,ACF_86,3
3368,203,130,73,20,20,73,110,130,0.65,0.5813262,22983348.0,16.70398569684284,603.2816177756893,0.0002548864835102287,6.15154106472813e-05,349.2015326334853,223.62659725297087,34.40409188507244,0.0207924080522752,0.1401814137528787,0.016121763053586386,9.852216748768473,15.384615384615385,0.00012996958668686604,0.0006268548351352979,0.0004686001626620885,ACF 3 DÍAS HEMBRA,CONTRA,ACF_88~1.TIF,ACF_88,1
7121,204,174,30,18,18,30,156,174,0.65,0.5813262,28122269.0,20.438883801383803,738.1713028860336,0.00031187737546934925,5.7326377068281614e-05,350.9217372277389,299.3155994001302,30.963682696565197,0.014945579381057625,0.2280032640820804,0.01429700779821267,8.823529411764707,10.344827586206897,0.00018100535142476213,0.0007617486844622546,0.0004617347341502966,ACF 3 DÍAS HEMBRA,CONTRA,ACF_88~2.TIF,ACF_88,2
1822,273,142,131,81,81,131,61,142,0.65,0.5813262,28455412.0,20.681007616721903,746.9158534184734,0.000315571948069305,7.61110035598041e-05,469.6158542312388,244.26905238401434,139.3365721345434,0.06384041331671045,0.18535003654280893,0.08306673259577975,29.67032967032967,57.04225352112676,0.00017505709848977683,0.0007587945944598045,0.0005961588642755651,ACF 3 DÍAS HEMBRA,IPSI,ACF_86~1.TIF,ACF_86,1
3231,263,141,122,100,100,122,41,141,0.65,0.5813262,26867046.0,19.52660474446189,705.2234067784145,0.00029795688936388017,5.943971921802743e-05,452.4138082887026,242.5488477897607,172.02045942536222,0.04310940435693875,0.17693200272256324,0.1174554549876809,38.02281368821293,70.92198581560284,0.00011288570368956148,0.0007294695659652294,0.0006827993331725958,ACF 3 DÍAS HEMBRA,IPSI,ACF_86~2.TIF,ACF_86,2
3875,287,135,152,83,83,152,52,135,0.65,0.5813262,26794983.0,19.474230333158904,703.3318510650447,0.00029715770707498134,5.764481677025683e-05,493.6987185507895,232.227620224239,142.77698132305065,0.04100678547693577,0.17558222144115193,0.09408991493250904,28.9198606271777,61.48148148148148,0.00010143965436392451,0.0007560781153921731,0.0006589991892293823,ACF 3 DÍAS HEMBRA,IPSI,ACF_86~3.TIF,ACF_86,3
3948,251,164,87,42,42,87,122,164,0.65,0.5813262,27584475.0,20.048022414093843,724.0549420168485,0.0003059132130021186,8.793011367971314e-05,431.7713531576591,282.11355345759404,72.24859295865213,0.03143740215021971,0.20948563150972374,0.03784115863503263,16.733067729083665,25.609756097560975,0.0001416696552702252,0.0007425578421960242,0.0005237632607833502,ACF 3 DÍAS HEMBRA,IPSI,ACF_88~1.TIF,ACF_88,1
6631,248,173,75,42,42,75,131,173,0.65,0.5813262,32378575.0,23.532309291237862,849.893544981849,0.0003590800227548312,7.813093421655913e-05,426.6107393748983,297.59539480587665,72.24859295865213,0.03168038728408591,0.25481284622214945,0.043908455280650883,16.93548387096774,24.277456647398843,0.00015740717225970927,0.0008562392115925232,0.000607741320385017,ACF 3 DÍAS HEMBRA,IPSI,ACF_88~2.TIF,ACF_88,2
4874,274,146,128,107,107,128,39,146,0.65,0.5813262,14821986.0,10.772418454561311,389.05696823320164,0.00016437656907852767,6.428692509739714e-05,471.33605882549244,251.14987076102884,184.06189158513757,0.047011711027689966,0.08902076493266016,0.05879042555530156,39.05109489051095,73.28767123287672,0.00011629420990308555,0.00035445276026983965,0.00031940574471445187,ACF 3 DÍAS MACHO,CONTRA,ACF_92~1.TIF,ACF_92,1
4530,251,137,114,83,83,114,54,137,0.65,0.5813262,17360165.0,12.617132536775394,455.68071396964865,0.00019252510165217662,6.250852464435174e-05,431.7713531576591,235.66802941274622,142.77698132305065,0.044701308154064284,0.1097735479926427,0.05756401017074937,33.067729083665334,60.58394160583942,0.00013190884063061525,0.00046579736872321613,0.00040317430469063954,ACF 3 DÍAS MACHO,CONTRA,ACF_92~2.TIF,ACF_92,2
5628,333,149,184,118,118,184,31,149,0.65,0.5813262,18856679.0,13.70477862085005,494.9621705678769,0.0002091215170649279,5.91236084265981e-05,572.8281298864562,256.3104845437897,202.98414212192742,0.051299397270028885,0.11415880555259712,0.08243817885710508,35.43543543543544,79.19463087248322,9.874729694462339e-05,0.0004453926485129543,0.0004061311292366207,ACF 3 DÍAS MACHO,CONTRA,ACF_92~3.TIF,ACF_92,3
3312,283,155,128,117,117,128,38,155,0.65,0.5813262,17175324.0,12.482792604221176,450.8288891827954,0.00019047520567973107,7.267749074199281e-05,486.81790017377506,266.6317121093114,201.2639375276738,0.05654124831052175,0.11355567707003113,0.07919685545592303,41.342756183745585,75.48387096774194,0.0001341588123412736,0.0004258896144486989,0.00039349749601829916,ACF 3 DÍAS MACHO,CONTRA,ACF_93~1.TIF,ACF_93,1
1786,248,131,117,83,83,117,48,131,0.65,0.5813262,15543381.0,11.29671855921856,407.99260557617225,0.00017237687585593286,5.849429243689671e-05,426.6107393748983,225.3468018472245,142.77698132305065,0.04329384715426922,0.0960651046867814,0.05280702606829293,33.46774193548387,63.358778625954194,0.0001258392382478607,0.000426298948550907,0.0003698567204527912,ACF 3 DÍAS MACHO,CONTRA,ACF_93~2.TIF,ACF_93,2
4418,272,128,144,115,115,144,13,128,0.65,0.5813262,14929556.0,10.850598872027444,391.8805343918017,0.00016556952578053626,5.1067075094584926e-05,467.89564963698524,220.18618806446364,197.82352833916653,0.03831009954721938,0.07659960172592575,0.06600490700170619,42.279411764705884,89.84375,8.598712197454349e-05,0.0003478855890066083,0.00033365549364048046,ACF 3 DÍAS MACHO,CONTRA,ACF_93~3.TIF,ACF_93,3
4931,332,162,170,143,143,170,19,162,0.65,0.5813262,22190741.0,16.12792967614396,582.4767623116231,0.0002460964320766607,8.203995511759084e-05,571.1079252922026,278.6731442690868,245.98925697826797,0.08231353278136866,0.14025351348075477,0.11840636872803736,43.07228915662651,88.27160493827161,0.00015287863648680026,0.0005032903828914564,0.0004813477229962853,ACF 3 DÍAS MACHO,CONTRA,ACF_94~1.TIF,ACF_94,1
4731,307,164,143,134,134,143,30,164,0.65,0.5813262,20261704.0,14.725931740217455,531.8421653804381,0.000224703314873235,8.421236287480061e-05,528.102810435862,282.11355345759404,230.50741562998536,0.0773430004047365,0.13080728796852073,0.0980577030711981,43.648208469055376,81.70731707317073,0.00016231592968189145,0.000463668924677109,0.00042539934259035764,ACF 3 DÍAS MACHO,CONTRA,ACF_94~2.TIF,ACF_94,2
4409,257,121,136,114,114,136,7,121,0.65,0.5813262,15053693.0,10.940819960462818,395.1389617621664,0.0001669462113445154,8.102175542692605e-05,442.0925807231809,208.14475590468828,196.10332374491293,0.08476686787700864,0.08438043897442728,0.07920241377947584,44.3579766536965,94.21487603305785,0.000197108804755374,0.00040539305738293975,0.0004038810371337749,ACF 3 DÍAS MACHO,CONTRA,ACF_94~3.TIF,ACF_94,3
1862,214,121,93,70,70,93,51,121,0.65,0.5813262,10800720.0,7.8498168498168495,283.50420638203997,0.00011978052719641183,5.509388341898778e-05,368.12378317027515,208.14475590468828,120.41432159775354,0.040367537220349435,0.061390805893985115,0.029580934771196905,32.71028037383177,57.85123966942148,0.00014396752770346195,0.0002949428421924626,0.0002456596057569681,ACF 3 DÍAS MACHO,IPSI,ACF_92~1.TIF,ACF_92,1
5593,329,149,180,120,120,180,29,149,0.65,0.5813262,20321062.0,14.769072329786615,533.400232128064,0.0002253615980741072,6.691389183296452e-05,565.9473115094416,256.3104845437897,206.42455131043465,0.05847464256731443,0.1299598096157196,0.0989134565366523,36.474164133738604,80.53691275167785,0.00011330947253338381,0.0005070405521921458,0.0004791748651443104,ACF 3 DÍAS MACHO,IPSI,ACF_92~2.TIF,ACF_92,2
5364,287,154,133,119,119,133,35,154,0.65,0.5813262,18351570.0,13.337672248386534,481.7037464830539,0.0002035198328890903,5.939507067584758e-05,493.6987185507895,264.9115075150578,204.70434671618102,0.04693951520612813,0.11741083430289859,0.08336275993891039,41.46341463414634,77.27272727272727,0.00010828242065325667,0.0004432077541826863,0.00040723492820839504,ACF 3 DÍAS MACHO,IPSI,ACF_92~3.TIF,ACF_92,3
4533,309,155,154,112,112,154,43,155,0.65,0.5813262,19348943.0,14.062549421477993,507.8834308774157,0.0002145807495457083,7.633191736015745e-05,531.5432196243693,266.6317121093114,192.66291455640567,0.0592460719595892,0.12339938522542955,0.08298035954210138,36.24595469255664,72.25806451612902,0.0001294785484105058,0.00046280835932538774,0.0004307022954218173,ACF 3 DÍAS MACHO,IPSI,ACF_93~1.TIF,ACF_93,1
4386,298,161,137,126,126,137,35,161,0.65,0.5813262,18537975.0,13.473148874934589,486.5966241421956,0.00020558707370007764,5.534548338829584e-05,512.6209690875794,276.95293967483315,216.74577887595638,0.04162184540380195,0.12530685633453556,0.08862269492385655,42.281879194630875,78.26086956521739,9.1999502758858e-05,0.00045244819022920185,0.000408878527570197,ACF 3 DÍAS MACHO,IPSI,ACF_93~2.TIF,ACF_93,2
4576,280,138,142,94,94,142,44,138,0.65,0.5813262,15438272.0,11.220326763183905,405.23363731955544,0.0001712112117675121,5.7720683803801874e-05,481.65728639101417,237.38823400699985,161.69923185984047,0.04415044165158044,0.09473647768187933,0.05691683656653819,33.57142857142857,68.11594202898551,0.00010875342573574145,0.00039907823603037475,0.00035199200337496483,ACF 3 DÍAS MACHO,IPSI,ACF_93~3.TIF,ACF_93,3
5449,319,167,152,124,124,152,43,167,0.65,0.5813262,22036188.0,16.015602651316936,578.4199563200813,0.0002443824315452344,8.547682822061834e-05,548.7452655669055,287.27416724035487,213.30536968744914,0.07460257442256465,0.14247153953538394,0.0926681508003196,38.87147335423197,74.25149700598801,0.00015713199673654603,0.0004959427466242785,0.0004344389029498125,ACF 3 DÍAS MACHO,IPSI,ACF_94~1.TIF,ACF_94,1
5159,252,135,117,113,113,117,22,135,0.65,0.5813262,16614471.0,12.075172248386535,436.1072609337539,0.0001842553177445111,8.080785053831082e-05,433.49155775191275,232.227620224239,194.3831191506593,0.07059785700154138,0.09039020285098916,0.07350747944874651,44.84126984126984,83.7037037037037,0.00017843645190804104,0.0003892310603007014,0.0003781577318541407,ACF 3 DÍAS MACHO,IPSI,ACF_94~2.TIF,ACF_94,2
5048,313,168,145,144,144,145,24,168,0.65,0.5813262,22941359.0,16.673468660968663,602.1794636487627,0.0002544208233916024,7.982324260975799e-05,538.4240380013837,288.9943718346085,247.70946157252158,0.07623247883718683,0.1598949850044737,0.12681186617619306,46.00638977635783,85.71428571428571,0.00015334234338755098,0.0005532806192363552,0.0005119379186049642,ACF 3 DÍAS MACHO,IPSI,ACF_94~3.TIF,ACF_94,3
2552,333,182,151,129,129,151,53,182,0.65,0.5813262,30491311.0,22.16067140531426,800.355432471443,0.00033815017021918457,0.0002873862416473235,572.8281298864562,313.0772361541592,221.90639265871724,0.33644932346476825,0.24182549593420807,0.15700470051343937,38.73873873873874,70.87912087912088,0.0006985243096512306,0.000772414816563454,0.0007075267126481842,NONE HEMBRA,CONTRA,ACF_47~1.TIF,ACF_47,1
3114,293,155,138,117,117,138,38,155,0.65,0.5813262,32385950.0,23.53766934124077,850.087128698682,0.00035916181187519293,0.0002613008576561313,504.0199461163113,266.6317121093114,201.2639375276738,0.2756026038867954,0.2082969017467705,0.14561176530467637,39.93174061433447,75.48387096774194,0.0006282941742259451,0.0007812157829949902,0.0007234866170928151,NONE HEMBRA,CONTRA,ACF_47~2.TIF,ACF_47,2
2668,338,173,165,125,125,165,48,173,0.65,0.5813262,31045297.0,22.56330091865806,814.8968113125535,0.0003442939027795538,0.0002737593868014908,581.4291528577243,297.59539480587665,215.02557428170277,0.32324484505289885,0.2280787674588135,0.15299307276297214,36.98224852071006,72.25433526011561,0.0006479679222213465,0.0007664055675578943,0.0007115110529249768,NONE HEMBRA,CONTRA,ACF_47~3.TIF,ACF_47,3
6539,303,176,127,150,150,127,26,176,0.65,0.5813262,39090236.0,28.410253503110646,1026.0655154903232,0.0004335126802946616,0.0002657726875157038,521.2219920588475,302.7560085886375,258.03068913804333,0.27523188438154195,0.2915152373530026,0.2350247924027545,49.504950495049506,85.22727272727273,0.0005776155431998596,0.0009628718475711311,0.0009108404631552144,NONE HEMBRA,CONTRA,ACF_51~1.TIF,ACF_51,1
6523,301,176,125,152,152,125,24,176,0.65,0.5813262,38500790.0,27.981852142566428,1010.5933598900411,0.0004269756945535428,0.0002624783991883361,517.7815828703402,302.7560085886375,261.47109832655053,0.2711654098722719,0.2871872992078517,0.2353496722854101,50.498338870431894,86.36363636363636,0.0005690814342689181,0.0009485767121407015,0.0009000982280323866,NONE HEMBRA,CONTRA,ACF_51~2.TIF,ACF_51,2
5355,326,180,146,155,155,146,25,180,0.65,0.5813262,32198346.0,23.40132129774987,845.1627789206946,0.0003570812740939936,0.00019130083773840107,560.7866977266808,309.636826965652,266.6317121093114,0.2432534175750671,0.26756872474370097,0.21241569542435185,47.54601226993865,86.11111111111111,0.000469799285302083,0.0008641372777450092,0.0007966632841380378,NONE HEMBRA,CONTRA,ACF_51~3.TIF,ACF_51,3
4077,274,148,126,63,63,126,85,148,0.65,0.5813262,20819457.0,15.131299058084773,546.4824228468107,0.0002308888236527775,0.0002100283726513985,471.33605882549244,254.59027994953607,108.37288943797819,0.14694243761901687,0.16463821082709254,0.04696790260536409,22.99270072992701,42.567567567567565,0.00045196554962857207,0.0006466790910467066,0.00043339162450073664,NONE HEMBRA,CONTRA,ACF_53~1.TIF,ACF_53,1
4248,267,143,124,63,63,124,80,143,0.65,0.5813262,21513574.0,15.635773882202454,564.7020497995773,0.00023858661604032126,0.0001345155664003826,459.2946266657171,245.98925697826797,108.37288943797819,0.08709888757228207,0.16139795918959524,0.047639468827614946,23.595505617977526,44.05594405594406,0.0002707639857573367,0.0006561179182058914,0.00043958843465993416,NONE HEMBRA,CONTRA,ACF_53~2.TIF,ACF_53,2
4988,261,146,115,77,77,115,69,146,0.65,0.5813262,21595985.0,15.695669079597652,566.8652264352229,0.00023950055816888155,0.00017527096863111425,448.97339910019537,251.14987076102884,132.4557537575289,0.1135590174655614,0.15394992584905634,0.05477819639427755,29.50191570881226,52.73972602739726,0.0003438272505155648,0.0006129803108500938,0.0004135584513342736,NONE HEMBRA,CONTRA,ACF_53~3.TIF,ACF_53,3
1423,344,167,177,130,130,177,37,167,0.65,0.5813262,26261097.0,19.086209227280655,689.3180698793009,0.0002912368845240048,0.00020987575138029093,591.750380423246,287.27416724035487,223.62659725297087,0.22335696825431228,0.1723414400532792,0.12282798329500418,37.7906976744186,77.84431137724552,0.000422942207162215,0.0005999197272377281,0.000549254806019602,NONE HEMBRA,CONTRA,ACF_83~1.TIF,ACF_83,1
2428,312,139,173,122,122,173,17,139,0.65,0.5813262,23769657.0,17.275464416535844,623.9211593077406,0.0002636066898075203,0.00016909952203524885,536.7038334071301,239.10843860125348,209.86496049894188,0.1590131502962189,0.13876820770705495,0.11556688854076012,39.1025641025641,87.76978417266187,0.00031335088275162646,0.000580356797605417,0.0005506726242723249,NONE HEMBRA,CONTRA,ACF_83~2.TIF,ACF_83,2
2667,346,149,197,116,116,197,33,149,0.65,0.5813262,26191451.0,19.035591458805744,687.4899571277731,0.0002904645068864842,0.0001558204289841692,595.1907896117533,256.3104845437897,199.54373293342016,0.15724432914759123,0.17683290307615074,0.13133051252178127,33.52601156069364,77.85234899328859,0.00029204552183680017,0.0006899167757062216,0.0006581540326580993,NONE HEMBRA,CONTRA,ACF_83~3.TIF,ACF_83,3
2000,341,196,145,154,154,145,42,196,0.65,0.5813262,33894986.0,24.63441624513053,889.6972707616117,0.00037589709689678084,0.00027520992100987525,586.5897666404851,337.1601004737099,264.9115075150578,0.30780242349084197,0.2628620557525547,0.193227051127243,45.16129032258064,78.57142857142857,0.0005984401779221468,0.0007796357142592896,0.0007294022556428954,NONE HEMBRA,IPSI,ACF_47~1.TIF,ACF_47,1
3154,342,195,147,151,151,147,44,195,0.65,0.5813262,39858203.0,28.968401505901507,1046.223604475373,0.0004420294728908447,0.00030269857341542046,588.3099712347388,335.4398958794563,259.75089373229696,0.3569534116174337,0.31632200529071186,0.23309241327225605,44.15204678362573,77.43589743589745,0.0006963301018543577,0.0009430065092924586,0.0008973690520290739,NONE HEMBRA,IPSI,ACF_47~2.TIF,ACF_47,2
3623,339,202,137,159,159,137,43,202,0.65,0.5813262,38261651.0,27.808049159834873,1004.3162864717892,0.00042432363103433085,0.0003029044491076775,583.149357451978,347.48132803923164,273.5125304863259,0.35068345563142295,0.31032041166888613,0.22433745466950386,46.902654867256636,78.71287128712872,0.0006887212184631206,0.0008930563648411349,0.0008202090568597166,NONE HEMBRA,IPSI,ACF_47~3.TIF,ACF_47,3
6394,322,207,115,148,148,115,59,207,0.65,0.5813262,47621245.0,34.61047517297517,1249.9928959041333,0.000528121998519496,0.0002628353324546198,553.9058793496663,356.0823510104998,254.59027994953607,0.23295172533311392,0.4492491058100509,0.2703265171485022,45.962732919254655,71.49758454106279,0.0005149085219442694,0.001261643843159202,0.001061810047116038,NONE HEMBRA,IPSI,ACF_51~1.TIF,ACF_51,1
6373,332,160,172,142,142,172,18,160,0.65,0.5813262,25641253.0,18.635715012500725,673.0480081333561,0.0002843627834363428,0.00023471459154681863,571.1079252922026,275.2327350805795,244.26905238401434,0.2934804728744156,0.18451180527958255,0.1532673195645614,42.77108433734939,88.75,0.0005433372231537806,0.000670384666364498,0.0006274528765257193,NONE HEMBRA,IPSI,ACF_51~2.TIF,ACF_51,2
5656,348,183,165,135,135,165,48,183,0.65,0.5813262,40486635.0,29.42513736263736,1062.7190895379492,0.0004489988153297835,0.0002050568362190287,598.6311988002604,314.79744074841284,232.227620224239,0.1900704521776337,0.33470617045066475,0.2106281957121641,38.793103448275865,73.77049180327869,0.0003683097789890184,0.001063242984615504,0.000906990286120064,NONE HEMBRA,IPSI,ACF_51~3.TIF,ACF_51,3
4599,289,158,131,54,54,131,104,158,0.65,0.5813262,35378254.0,25.712435316006744,928.6310378800888,0.0003923466135043373,0.00023877117665605823,497.1391277392968,271.7923258920723,92.89104808969559,0.13659058843183938,0.2840715135388081,0.0639330526171,18.685121107266436,34.177215189873415,0.0004292091228586224,0.001045178566416227,0.0006882584913388667,NONE HEMBRA,IPSI,ACF_53~1.TIF,ACF_53,1
4546,278,144,134,56,56,134,88,144,0.65,0.5813262,25898054.0,18.822354497354496,679.7886850237037,0.00028721071942251465,0.00014074454817678176,478.21687720250696,247.70946157252158,96.33145727820283,0.09502296115290279,0.19736526697901877,0.054174876095468845,20.14388489208633,38.88888888888889,0.00029073335220928734,0.0007967611157284615,0.0005623799081437453,NONE HEMBRA,IPSI,ACF_53~2.TIF,ACF_53,2
4123,267,150,117,67,67,117,83,150,0.65,0.5813262,21552885.0,15.664344583987441,565.7339100697332,0.00023902257700446236,0.00015142059573061548,459.2946266657171,258.03068913804333,115.25370781499268,0.1002478623422995,0.16994466104272235,0.05301668712129425,25.0936329588015,44.666666666666664,0.00031672124387810907,0.0006586218934283588,0.0004599998397135959,NONE HEMBRA,IPSI,ACF_53~3.TIF,ACF_53,3
4059,337,154,183,140,140,183,14,154,0.65,0.5813262,24000083.0,17.442934909006336,629.969528329416,0.0002661621257191781,0.00019539713631747333,579.7089482634707,264.9115075150578,240.82864319550708,0.18398494251826208,0.14642156566428574,0.12927322240150838,41.54302670623146,90.9090909090909,0.00033113085910637687,0.0005527187815952579,0.0005367850795744553,NONE HEMBRA,IPSI,ACF_83~1.TIF,ACF_83,1
4871,373,166,207,152,152,207,14,166,0.65,0.5813262,27283154.0,19.82902639688354,716.1456756928219,0.00030257154798021726,0.00019155547638146904,641.636313656601,285.5539626461013,261.47109832655053,0.19887771433264934,0.17404878729532028,0.1598461884860113,40.75067024128686,91.56626506024097,0.0003220412978765587,0.000609512771885523,0.0006113340614280046,NONE HEMBRA,IPSI,ACF_83~2.TIF,ACF_83,2
4625,317,156,161,129,129,161,27,156,0.65,0.5813262,25728030.0,18.698783359497646,675.3257863293659,0.00028532514472415726,0.00017460236059348855,545.3048563783982,268.35191670356505,221.90639265871724,0.15770545579410927,0.16596240574593812,0.13531442406724958,40.694006309148264,82.6923076923077,0.0003161321149519225,0.0006184506068919512,0.0006097815499860678,NONE HEMBRA,IPSI,ACF_83~3.TIF,ACF_83,3
5897,356,197,159,174,174,159,23,197,0.65,0.5813262,43081969.0,31.311390923890922,1130.8430762690487,0.0004777811997236732,0.00026895787192902145,612.3928355542895,338.88030506796355,299.3155994001302,0.3091002386616484,0.3562828121622095,0.2965403069875723,48.87640449438202,88.3248730964467,0.0005396038052860935,0.001051352961013051,0.0009907278724593036,NONE MACHO,CONTRA,ACF_43~1.TIF,ACF_43,1
5814,383,192,191,166,166,191,26,192,0.65,0.5813262,41102549.0,29.87277530670388,1078.8859941303824,0.00045582933252008665,0.00026562744112799155,658.8383595991372,330.27928209669545,285.5539626461013,0.32943914371626953,0.3286036261255159,0.2751381822234137,43.34203655352481,86.45833333333334,0.0005364470743636774,0.0009949265483425358,0.0009635243008846063,NONE MACHO,CONTRA,ACF_43~2.TIF,ACF_43,2
5500,378,192,186,162,162,186,30,192,0.65,0.5813262,38868666.0,28.249219431362288,1020.2496044206848,0.0004310554578677392,0.00020376393598445065,650.2373366278691,330.27928209669545,278.6731442690868,0.23847037036026678,0.32168053723667844,0.2500365167279765,42.857142857142854,84.375,0.0003983594086612831,0.0009739652308633166,0.0008972393711772285,NONE MACHO,CONTRA,ACF_43~3.TIF,ACF_43,3
1993,293,138,155,124,124,155,14,138,0.65,0.5813262,18383781.0,13.361082766439909,482.54924141225973,0.00020387705449667978,0.00020937783030557883,504.0199461163113,237.38823400699985,213.30536968744914,0.2571729306930423,0.12287068535578516,0.10461962959803717,42.32081911262799,89.85507246376811,0.0005358471775722209,0.0005175938305019872,0.0004904688041906006,NONE MACHO,CONTRA,ACF_45~1.TIF,ACF_45,1
4922,379,181,198,161,161,198,20,181,0.65,0.5813262,27110872.0,19.703814175242748,711.6235075703345,0.00030066093194846643,0.00025760401159588076,651.9575412221228,311.3570315599056,276.95293967483315,0.34252330255464325,0.21131793210240404,0.17865828555506222,42.480211081794195,88.95027624309392,0.0005546455985669667,0.0006786997263035832,0.0006450853555294361,NONE MACHO,CONTRA,ACF_45~2.TIF,ACF_45,2
5542,317,172,145,149,149,145,23,172,0.65,0.5813262,27081184.0,19.682237339380197,710.8442379587658,0.0003003316905375784,0.0002347477951571729,545.3048563783982,295.875190211623,256.3104845437897,0.26081400790274883,0.20855801475055263,0.16876867014739702,47.003154574132495,86.62790697674419,0.0005157075378261053,0.0007048851057818762,0.0006584540248042937,NONE MACHO,CONTRA,ACF_45~3.TIF,ACF_45,3
3777,332,190,142,147,147,142,43,190,0.65,0.5813262,37066104.0,26.939141810570383,972.9348041791799,0.00041106495476570356,0.0002842498423649172,571.1079252922026,326.8388729081882,252.87007535528244,0.3136064818420066,0.2891285702617471,0.19847021408961205,44.27710843373494,77.36842105263158,0.0006308223681127429,0.0008846211213773392,0.0007848703086387798,NONE MACHO,CONTRA,ACF_62~1.TIF,ACF_62,1
3113,345,203,142,137,137,142,66,203,0.65,0.5813262,42325316.0,30.761465782894355,1110.9819643921005,0.0004693898799556627,0.00027267108690339463,593.4705850174996,349.2015326334853,235.66802941274622,0.27442370655922427,0.3671270626681025,0.20801716308545767,39.710144927536234,67.48768472906403,0.0005717910054623259,0.0010513329076749258,0.0008826702697171488,NONE MACHO,CONTRA,ACF_62~2.TIF,ACF_62,2
3021,327,211,116,137,137,116,74,211,0.65,0.5813262,40431590.0,29.385131402988545,1061.2742331727904,0.00044838836351550386,0.0002551996110781493,562.5069023209344,362.96316938751426,235.66802941274622,0.23322342472618723,0.3398787011439158,0.1855759103111104,41.896024464831804,64.92890995260665,0.0005358849298302786,0.0009363999706015555,0.0007874462682678732,NONE MACHO,CONTRA,ACF_62~3.TIF,ACF_62,3
5834,319,104,215,80,80,215,24,104,0.65,0.5813262,10639676.0,7.7327722542008255,279.27702047104606,0.00011799454114901695,6.565682355064255e-05,548.7452655669055,178.9012778023767,137.61636754028976,0.09044376831505027,0.045508703542861205,0.032608886713228515,25.07836990595611,76.92307692307693,0.00017822824457040196,0.0002543788624759427,0.00023695500249039527,NONE MACHO,CONTRA,ACF_63~1.TIF,ACF_63,1
6307,242,97,145,75,75,145,22,97,0.65,0.5813262,9141450.0,6.643881911739054,239.95062620187338,0.00010137913957029151,7.481871327798804e-05,416.28951180937656,166.85984564260136,129.01534456902166,0.06466827514885558,0.03566590843619148,0.025152506323403295,30.991735537190085,77.31958762886599,0.00017087892114926658,0.00021374770124493953,0.00019495747895280013,NONE MACHO,CONTRA,ACF_63~2.TIF,ACF_63,2
6136,249,74,175,56,56,175,18,74,0.65,0.5813262,8171340.0,5.938819117390546,214.48655846812215,9.062057095278166e-05,7.861336249111593e-05,428.3309439691519,127.29513997476803,96.33145727820283,0.09423610626929567,0.02598455467990182,0.01785001789177096,22.48995983935743,75.67567567567568,0.00023715115826980878,0.00020412841122648028,0.0001852979119813433,NONE MACHO,CONTRA,ACF_63~3.TIF,ACF_63,3
6216,412,189,223,170,170,223,19,189,0.65,0.5813262,39801346.0,28.927078609221468,1044.7311855753114,0.00044139892590556903,0.00026397497928522793,708.7242928324923,325.11866831393456,292.43478102311576,0.3524800443253347,0.32593868604839316,0.281369382087144,41.262135922330096,89.94708994708994,0.0005213890197035074,0.0010025222105476477,0.0009621611393239265,NONE MACHO,IPSI,ACF_43~1.TIF,ACF_43,1
6435,396,192,204,173,173,204,19,192,0.65,0.5813262,39871770.0,28.978261817547533,1046.5797197684255,0.0004421799316021597,0.00026595532955275294,681.2010193244344,330.27928209669545,297.59539480587665,0.35366188504089,0.3235262070736866,0.28711427325546324,43.686868686868685,90.10416666666666,0.0005453393095906033,0.0009795534404091633,0.0009647806325858964,NONE MACHO,IPSI,ACF_43~2.TIF,ACF_43,2
5982,353,174,179,156,156,179,18,174,0.65,0.5813262,39124431.0,28.43510596546311,1026.9630877204372,0.0004338919045618846,0.00020651017621011846,607.2322217715287,299.3155994001302,268.35191670356505,0.24611326159934532,0.2782932829957833,0.24551562987953476,44.19263456090651,89.65517241379311,0.00042708085711986075,0.0009297653832727778,0.0009149017189645923,NONE MACHO,IPSI,ACF_43~3.TIF,ACF_43,3
2397,296,159,137,134,134,137,25,159,0.65,0.5813262,25039797.0,18.198584946799233,657.2606063718331,0.0002776926061920994,0.00025382665177104357,509.18055989907214,273.5125304863259,230.50741562998536,0.27380257441348443,0.1671513502847804,0.1313685684330966,45.27027027027027,84.27672955974843,0.0005873380447749378,0.0006111286747542158,0.000569910378258597,NONE MACHO,IPSI,ACF_45~1.TIF,ACF_45,1
5899,307,162,145,151,151,145,11,162,0.65,0.5813262,28443311.0,20.67221277399849,746.5982186310305,0.0003154377473716104,0.00026996348441268826,528.102810435862,278.6731442690868,259.75089373229696,0.3394914545571389,0.19922429165725128,0.18245752028341308,49.185667752442995,93.20987654320987,0.0006667408013857238,0.0007149030889926024,0.0007024326948859566,NONE MACHO,IPSI,ACF_45~2.TIF,ACF_45,2
5397,317,167,150,145,145,150,22,167,0.65,0.5813262,31336859.0,22.775204226989942,822.5499171630121,0.0003475273400013724,0.00025684233585682105,545.3048563783982,287.27416724035487,249.4296661667752,0.30952446212311685,0.23869574092241236,0.2027666611540283,45.74132492113564,86.82634730538922,0.0006099480656714422,0.0008308987306982663,0.000812921190450751,NONE MACHO,IPSI,ACF_45~3.TIF,ACF_45,3
5048,321,178,143,161,161,143,17,178,0.65,0.5813262,32033761.0,23.281703151346008,840.8426465769813,0.0003552560181787748,0.0002907054825876829,552.1856747554127,306.19641777714475,276.95293967483315,0.33846837890783865,0.22281503140737152,0.19741797529450164,50.155763239875384,90.4494382022472,0.0006472386070087302,0.0007276866039939772,0.0007128213750909723,NONE MACHO,IPSI,ACF_62~1.TIF,ACF_62,1
4409,348,206,142,181,181,142,25,206,0.65,0.5813262,36638975.0,26.628710244781672,961.7232490080661,0.0004063280727059079,0.0002773416393728332,598.6311988002604,354.36214641624616,311.3570315599056,0.3543103774774422,0.3071095478637781,0.2706808892564628,52.01149425287356,87.86407766990291,0.0006376777255712912,0.000866654497297904,0.0008693585235584549,NONE MACHO,IPSI,ACF_62~2.TIF,ACF_62,2
4570,304,168,136,160,160,136,8,168,0.65,0.5813262,30625164.0,22.257953950811093,803.8688916238743,0.0003396346067110871,0.0002499474298349491,522.9421966531011,288.9943718346085,275.2327350805795,0.30818453288306535,0.20362782911266838,0.1944169647606007,52.63157894736842,95.23809523809523,0.0006052558898638089,0.0007046082863828387,0.000706372970873837,NONE MACHO,IPSI,ACF_62~3.TIF,ACF_62,3
5159,300,79,221,47,47,221,32,79,0.65,0.5813262,9354494.0,6.798719402290831,245.54274137053378,0.0001037418082290506,6.156700156089795e-05,516.0613782760867,135.89616294603616,80.84961592992023,0.052891185101859105,0.031481828105980665,0.014635795270526506,15.666666666666668,59.49367088607595,0.00011472773003268793,0.00023166090508737895,0.0001810249201828329,NONE MACHO,IPSI,ACF_63~1.TIF,ACF_63,1
5648,351,102,249,70,70,249,32,102,0.65,0.5813262,8807581.0,6.401230449444735,231.1870191571053,9.767651559387709e-05,6.479405091379064e-05,603.7918125830214,175.46086861386945,120.41432159775354,0.06612884062976984,0.03457578341245127,0.02212598240001909,19.943019943019944,68.62745098039215,0.00012050917753514016,0.00019705694885473855,0.00018374876099814256,NONE MACHO,IPSI,ACF_63~2.TIF,ACF_63,2
6260,287,59,228,45,45,228,14,59,0.65,0.5813262,8210430.0,5.967229199372056,215.5126177889336,9.105408101582446e-05,6.302902506130879e-05,493.6987185507895,101.49207106096371,77.409206741413,0.06272065467569976,0.021648637533683863,0.014963712189573621,15.6794425087108,76.27118644067797,0.00013355736206643507,0.0002133037320785392,0.0001933066210013003,NONE MACHO,IPSI,ACF_63~3.TIF,ACF_63,3
